<?xml version="1.0" encoding="utf-8"?>
<install type="component" version="1.5.0">
	<name>Rss2Content</name>
	<author>Nenadt and GoranR</author>
	<creationDate>10.10.2009</creationDate>
	<copyright>rss2content.com</copyright>
	<license>GPL</license>
	<authorEmail>nenadt@gmail.com</authorEmail>
	<authorUrl>www.rss2content.com</authorUrl>
	<version>V 1.1</version>
	<description>If you are looking simple way to add new/fresh content to your Joomla website, without having to write a new article everyday,  then Rss2Content Joomla Component is the solution for you!

Rss2Content allows you to automatically collect RSS feed content items and have each item inserted as an Joomla article in the section and category you define. The content of the article will vary based on the specific feed you select.</description>
	<install>
		<sql>
			<file driver="mysql" charset="utf8">install.mysql.sql</file>
		</sql>
	</install>
	
	<uninstall>
		<sql>
			<file driver="mysql" charset="utf8">uninstall.mysql.sql</file>
		</sql>
	</uninstall>
	<installfile>install.rss2content.php</installfile>
  	<uninstallfile>uninstall.rss2content.php</uninstallfile>
			
	<administration>
		<menu>Rss2Content</menu>
			<submenu>
				<menu act="conf">Configuration</menu>
				<menu act="filter">Filter</menu>
				<menu act="rss">Rss</menu>
				<menu act="list">List Rss</menu>
				<menu act="manual">Manually Load Rss</menu>
				<menu act="cron">Cron</menu>
			</submenu>
		<files folder="admin">	
			<filename>admin.rss2content.php</filename>
			<filename>admin.rss2content.html.php</filename>
			<filename>install.mysql.sql</filename>
			<filename>uninstall.mysql.sql</filename>
			<filename>controller.php</filename>
			<filename>tables/rss2content.php</filename>
			<filename>tables/rss2content_config.php</filename>
			<filename>tables/content.php</filename>
			<filename>tables/rss2content_articles.php</filename>
			<filename>images/config.png</filename>
			<filename>images/cron.png</filename>
			<filename>images/filter.png</filename>
			<filename>images/r2c.png</filename>
			<filename>images/komponenta_r2c.png</filename>
			<filename>images/rss.png</filename>
			<filename>images/manual.png</filename>
		</files>
		
	</administration>
	
	<files>
		<filename>rss2content.php</filename>
		<filename>cron/cron.php</filename>
		<filename>crontask.php</filename>
		<filename>state.inc</filename>
		<filename>images/admincron.png</filename>
		<filename>images/configbanner.png</filename>
		<filename>images/configcontent.png</filename>
		<filename>images/configheder.png</filename>
		<filename>images/configimages.png</filename>
		<filename>images/configrok.png</filename>
		<filename>images/configtime.png</filename>
		<filename>images/logo.png</filename>
	</files>
	
</install>