<?xml version="1.0" encoding="utf-8"?>
<RSinstall type="rsformbackup">
<name>RSform backup</name>
<creationDate>2011-06-17</creationDate>
<author>CAMA</author>
<copyright> (C) 2011 http://camassistant.com/cms/</copyright>
<authorEmail>support@camassistant.com</authorEmail>
<authorUrl>http://camassistant.com/cms/</authorUrl>
<version>1.2.0</version>
<description>RSform Backup</description>
<tasks>
	<task type="query"><![CDATA[INSERT INTO `#__rsform_forms` (`FormId`,`FormName`,`camindustry`,`FormLayout`,`FormLayoutName`,`FormLayoutAutogenerate`,`FormTitle`,`Published`,`Lang`,`ReturnUrl`,`Thankyou`,`UserEmailText`,`UserEmailTo`,`UserEmailCC`,`UserEmailBCC`,`UserEmailFrom`,`UserEmailReplyTo`,`UserEmailFromName`,`UserEmailSubject`,`UserEmailMode`,`UserEmailAttach`,`UserEmailAttachFile`,`AdminEmailText`,`AdminEmailTo`,`AdminEmailCC`,`AdminEmailBCC`,`AdminEmailFrom`,`AdminEmailReplyTo`,`AdminEmailFromName`,`AdminEmailSubject`,`AdminEmailMode`,`ScriptProcess`,`ScriptProcess2`,`ScriptDisplay`,`MetaTitle`,`MetaDesc`,`MetaKeywords`,`Required`,`ErrorMessage`) VALUES ('','Irrigation System wizard','1','<script type=\"text/javascript\">\r\n		function displayField(field)\r\n		{\r\n		if(document.getElementById(\'Service Needed0\').checked)\r\n		document.getElementById(\'Controller\').style.display=\"block\";\r\n		else\r\n		document.getElementById(\'Controller\').style.display=\"none\";\r\n		if(document.getElementById(\'Maintenance0\').checked)\r\n		document.getElementById(\'Check\').style.display=\"block\";\r\n		else\r\n		document.getElementById(\'Check\').style.display=\"none\";\r\n		if(document.getElementById(\'Winterizing0\').checked)\r\n		document.getElementById(\'ShutoffWater\').style.display=\"block\";\r\n		else\r\n		document.getElementById(\'ShutoffWater\').style.display=\"none\";\r\n		if(document.getElementById(\'Repair0\').checked)\r\n		document.getElementById(\'CompleteSystem\').style.display=\"block\";\r\n		else\r\n		document.getElementById(\'CompleteSystem\').style.display=\"none\";\r\n		}\r\n		\r\n		window.addEvent(\'domready\', function() {\r\n		displayField(field);\r\n		});\r\n		</script>\r\n<div class=\"componentheading\">{global:formtitle}</div>\r\n{error}\r\n\r\n<table border=\"0\">\r\n	<tr>\r\n		<td>{Service Needed:caption}<br />{Service Needed:body}</td>\r\n	</tr>\r\n	<tr>\r\n		\r\n		<td style=\"padding-left:40px; display:none\" id=\"Controller\">{Controller:body}{Quantity:caption}{Quantity:body}<br />{Other:body}{specify:caption}{specify:body}</td>\r\n	</tr>\r\n	\r\n	<tr>\r\n		\r\n		<td>{Maintenance:body}</td>\r\n	</tr>\r\n	<tr>\r\n		\r\n	<td style=\"padding-left:40px; display:none\" id=\"Check\">{Check:body}{Quantity1:caption}{Quantity1:body}<br />{Assure Free:body}{Quantity2:caption}{Quantity2:body}<br />{Clean Water:body}{specify1:caption}{specify1:body}</td>\r\n	</tr>\r\n	\r\n	<tr>\r\n		\r\n		<td>{Winterizing:body}</td>\r\n	</tr>\r\n	<tr>\r\n		\r\n		<td style=\"padding-left:40px; display:none\" id=\"ShutoffWater\">{Shutoff Water Supply:body}{specify2:caption}{specify2:body}</td>\r\n	</tr>\r\n	\r\n	<tr>\r\n		\r\n		<td>{Repair:body}</td>\r\n	</tr>\r\n	<tr>\r\n		\r\n		<td style=\"padding-left:40px; display:none\" id=\"CompleteSystem\">{Complete System:body}{Quantity3:caption}{Quantity3:body}<br />{Broken:body}{Quantity4:caption}{Quantity4:body}<br />{Seal Leaks:body}</td>\r\n	</tr>\r\n	<tr>\r\n		<td>{Require pricing to be broken out:caption}{Require pricing to be broken out:body}</td>\r\n	</tr>\r\n	       <tr>\r\n		\r\n		<td>{submit:body} <input type=\"reset\" id=\"reset\" name=\"reset\" value=\"\"/><div class=\"formClr\"></div></td>\r\n		\r\n	</tr>\r\n</table>\r\n','inline','0','Irrigation System wizard','1','','','','','','','','','','','','1','0','C:\\wamp\\www\\camassistant/components/com_rsform/uploads/','','','','','','','','','1','','','','0','','','(*)','<p class=\"formRed\">Please complete all required fields!</p>' )]]></task>
<task type="eval" source="">$GLOBALS['q_FormId'] = $db->insertid();</task>
	<task type="query"><![CDATA[INSERT INTO `#__rsform_components` (`ComponentId`,`FormId`,`ComponentTypeId`,`Order`,`Published`) VALUES ('','{FormId}','4','0','1' )]]></task>
<task type="eval" source="">$GLOBALS['q_ComponentId'] = $db->insertid();</task>
	<task type="query"><![CDATA[INSERT INTO `#__rsform_properties` (`PropertyId`,`ComponentId`,`PropertyName`,`PropertyValue`) VALUES ('','{ComponentId}','NAME','Service Needed' )]]></task>
	<task type="query"><![CDATA[INSERT INTO `#__rsform_properties` (`PropertyId`,`ComponentId`,`PropertyName`,`PropertyValue`) VALUES ('','{ComponentId}','CAPTION','Service Needed' )]]></task>
	<task type="query"><![CDATA[INSERT INTO `#__rsform_properties` (`PropertyId`,`ComponentId`,`PropertyName`,`PropertyValue`) VALUES ('','{ComponentId}','ITEMS','Installation' )]]></task>
	<task type="query"><![CDATA[INSERT INTO `#__rsform_properties` (`PropertyId`,`ComponentId`,`PropertyName`,`PropertyValue`) VALUES ('','{ComponentId}','FLOW','HORIZONTAL' )]]></task>
	<task type="query"><![CDATA[INSERT INTO `#__rsform_properties` (`PropertyId`,`ComponentId`,`PropertyName`,`PropertyValue`) VALUES ('','{ComponentId}','REQUIRED','NO' )]]></task>
	<task type="query"><![CDATA[INSERT INTO `#__rsform_properties` (`PropertyId`,`ComponentId`,`PropertyName`,`PropertyValue`) VALUES ('','{ComponentId}','ADDITIONALATTRIBUTES','onclick=\"displayField();\"' )]]></task>
	<task type="query"><![CDATA[INSERT INTO `#__rsform_properties` (`PropertyId`,`ComponentId`,`PropertyName`,`PropertyValue`) VALUES ('','{ComponentId}','DESCRIPTION','' )]]></task>
	<task type="query"><![CDATA[INSERT INTO `#__rsform_properties` (`PropertyId`,`ComponentId`,`PropertyName`,`PropertyValue`) VALUES ('','{ComponentId}','VALIDATIONMESSAGE','Invalid Input' )]]></task>
	<task type="query"><![CDATA[INSERT INTO `#__rsform_components` (`ComponentId`,`FormId`,`ComponentTypeId`,`Order`,`Published`) VALUES ('','{FormId}','4','1','1' )]]></task>
<task type="eval" source="">$GLOBALS['q_ComponentId'] = $db->insertid();</task>
	<task type="query"><![CDATA[INSERT INTO `#__rsform_properties` (`PropertyId`,`ComponentId`,`PropertyName`,`PropertyValue`) VALUES ('','{ComponentId}','NAME','Controller' )]]></task>
	<task type="query"><![CDATA[INSERT INTO `#__rsform_properties` (`PropertyId`,`ComponentId`,`PropertyName`,`PropertyValue`) VALUES ('','{ComponentId}','CAPTION','' )]]></task>
	<task type="query"><![CDATA[INSERT INTO `#__rsform_properties` (`PropertyId`,`ComponentId`,`PropertyName`,`PropertyValue`) VALUES ('','{ComponentId}','ITEMS','Controller\r\nSupply Pump\r\nWater Supply Filter\r\nComplete System\r\nRelocate Sprinkler Heads,' )]]></task>
	<task type="query"><![CDATA[INSERT INTO `#__rsform_properties` (`PropertyId`,`ComponentId`,`PropertyName`,`PropertyValue`) VALUES ('','{ComponentId}','FLOW','VERTICAL' )]]></task>
	<task type="query"><![CDATA[INSERT INTO `#__rsform_properties` (`PropertyId`,`ComponentId`,`PropertyName`,`PropertyValue`) VALUES ('','{ComponentId}','REQUIRED','NO' )]]></task>
	<task type="query"><![CDATA[INSERT INTO `#__rsform_properties` (`PropertyId`,`ComponentId`,`PropertyName`,`PropertyValue`) VALUES ('','{ComponentId}','ADDITIONALATTRIBUTES','' )]]></task>
	<task type="query"><![CDATA[INSERT INTO `#__rsform_properties` (`PropertyId`,`ComponentId`,`PropertyName`,`PropertyValue`) VALUES ('','{ComponentId}','DESCRIPTION','' )]]></task>
	<task type="query"><![CDATA[INSERT INTO `#__rsform_properties` (`PropertyId`,`ComponentId`,`PropertyName`,`PropertyValue`) VALUES ('','{ComponentId}','VALIDATIONMESSAGE','Invalid Input' )]]></task>
	<task type="query"><![CDATA[INSERT INTO `#__rsform_components` (`ComponentId`,`FormId`,`ComponentTypeId`,`Order`,`Published`) VALUES ('','{FormId}','1','2','1' )]]></task>
<task type="eval" source="">$GLOBALS['q_ComponentId'] = $db->insertid();</task>
	<task type="query"><![CDATA[INSERT INTO `#__rsform_properties` (`PropertyId`,`ComponentId`,`PropertyName`,`PropertyValue`) VALUES ('','{ComponentId}','NAME','Quantity' )]]></task>
	<task type="query"><![CDATA[INSERT INTO `#__rsform_properties` (`PropertyId`,`ComponentId`,`PropertyName`,`PropertyValue`) VALUES ('','{ComponentId}','CAPTION','Quantity' )]]></task>
	<task type="query"><![CDATA[INSERT INTO `#__rsform_properties` (`PropertyId`,`ComponentId`,`PropertyName`,`PropertyValue`) VALUES ('','{ComponentId}','REQUIRED','NO' )]]></task>
	<task type="query"><![CDATA[INSERT INTO `#__rsform_properties` (`PropertyId`,`ComponentId`,`PropertyName`,`PropertyValue`) VALUES ('','{ComponentId}','SIZE','20' )]]></task>
	<task type="query"><![CDATA[INSERT INTO `#__rsform_properties` (`PropertyId`,`ComponentId`,`PropertyName`,`PropertyValue`) VALUES ('','{ComponentId}','MAXSIZE','' )]]></task>
	<task type="query"><![CDATA[INSERT INTO `#__rsform_properties` (`PropertyId`,`ComponentId`,`PropertyName`,`PropertyValue`) VALUES ('','{ComponentId}','VALIDATIONRULE','none' )]]></task>
	<task type="query"><![CDATA[INSERT INTO `#__rsform_properties` (`PropertyId`,`ComponentId`,`PropertyName`,`PropertyValue`) VALUES ('','{ComponentId}','VALIDATIONEXTRA','' )]]></task>
	<task type="query"><![CDATA[INSERT INTO `#__rsform_properties` (`PropertyId`,`ComponentId`,`PropertyName`,`PropertyValue`) VALUES ('','{ComponentId}','VALIDATIONMESSAGE','Invalid Input' )]]></task>
	<task type="query"><![CDATA[INSERT INTO `#__rsform_properties` (`PropertyId`,`ComponentId`,`PropertyName`,`PropertyValue`) VALUES ('','{ComponentId}','ADDITIONALATTRIBUTES','' )]]></task>
	<task type="query"><![CDATA[INSERT INTO `#__rsform_properties` (`PropertyId`,`ComponentId`,`PropertyName`,`PropertyValue`) VALUES ('','{ComponentId}','DEFAULTVALUE','' )]]></task>
	<task type="query"><![CDATA[INSERT INTO `#__rsform_properties` (`PropertyId`,`ComponentId`,`PropertyName`,`PropertyValue`) VALUES ('','{ComponentId}','DESCRIPTION','' )]]></task>
	<task type="query"><![CDATA[INSERT INTO `#__rsform_components` (`ComponentId`,`FormId`,`ComponentTypeId`,`Order`,`Published`) VALUES ('','{FormId}','4','3','1' )]]></task>
<task type="eval" source="">$GLOBALS['q_ComponentId'] = $db->insertid();</task>
	<task type="query"><![CDATA[INSERT INTO `#__rsform_properties` (`PropertyId`,`ComponentId`,`PropertyName`,`PropertyValue`) VALUES ('','{ComponentId}','NAME','Other' )]]></task>
	<task type="query"><![CDATA[INSERT INTO `#__rsform_properties` (`PropertyId`,`ComponentId`,`PropertyName`,`PropertyValue`) VALUES ('','{ComponentId}','CAPTION','' )]]></task>
	<task type="query"><![CDATA[INSERT INTO `#__rsform_properties` (`PropertyId`,`ComponentId`,`PropertyName`,`PropertyValue`) VALUES ('','{ComponentId}','ITEMS','Other,' )]]></task>
	<task type="query"><![CDATA[INSERT INTO `#__rsform_properties` (`PropertyId`,`ComponentId`,`PropertyName`,`PropertyValue`) VALUES ('','{ComponentId}','FLOW','HORIZONTAL' )]]></task>
	<task type="query"><![CDATA[INSERT INTO `#__rsform_properties` (`PropertyId`,`ComponentId`,`PropertyName`,`PropertyValue`) VALUES ('','{ComponentId}','REQUIRED','NO' )]]></task>
	<task type="query"><![CDATA[INSERT INTO `#__rsform_properties` (`PropertyId`,`ComponentId`,`PropertyName`,`PropertyValue`) VALUES ('','{ComponentId}','ADDITIONALATTRIBUTES','' )]]></task>
	<task type="query"><![CDATA[INSERT INTO `#__rsform_properties` (`PropertyId`,`ComponentId`,`PropertyName`,`PropertyValue`) VALUES ('','{ComponentId}','DESCRIPTION','' )]]></task>
	<task type="query"><![CDATA[INSERT INTO `#__rsform_properties` (`PropertyId`,`ComponentId`,`PropertyName`,`PropertyValue`) VALUES ('','{ComponentId}','VALIDATIONMESSAGE','Invalid Input' )]]></task>
	<task type="query"><![CDATA[INSERT INTO `#__rsform_components` (`ComponentId`,`FormId`,`ComponentTypeId`,`Order`,`Published`) VALUES ('','{FormId}','1','4','1' )]]></task>
<task type="eval" source="">$GLOBALS['q_ComponentId'] = $db->insertid();</task>
	<task type="query"><![CDATA[INSERT INTO `#__rsform_properties` (`PropertyId`,`ComponentId`,`PropertyName`,`PropertyValue`) VALUES ('','{ComponentId}','NAME','specify' )]]></task>
	<task type="query"><![CDATA[INSERT INTO `#__rsform_properties` (`PropertyId`,`ComponentId`,`PropertyName`,`PropertyValue`) VALUES ('','{ComponentId}','CAPTION','specify' )]]></task>
	<task type="query"><![CDATA[INSERT INTO `#__rsform_properties` (`PropertyId`,`ComponentId`,`PropertyName`,`PropertyValue`) VALUES ('','{ComponentId}','REQUIRED','NO' )]]></task>
	<task type="query"><![CDATA[INSERT INTO `#__rsform_properties` (`PropertyId`,`ComponentId`,`PropertyName`,`PropertyValue`) VALUES ('','{ComponentId}','SIZE','20' )]]></task>
	<task type="query"><![CDATA[INSERT INTO `#__rsform_properties` (`PropertyId`,`ComponentId`,`PropertyName`,`PropertyValue`) VALUES ('','{ComponentId}','MAXSIZE','' )]]></task>
	<task type="query"><![CDATA[INSERT INTO `#__rsform_properties` (`PropertyId`,`ComponentId`,`PropertyName`,`PropertyValue`) VALUES ('','{ComponentId}','VALIDATIONRULE','none' )]]></task>
	<task type="query"><![CDATA[INSERT INTO `#__rsform_properties` (`PropertyId`,`ComponentId`,`PropertyName`,`PropertyValue`) VALUES ('','{ComponentId}','VALIDATIONEXTRA','' )]]></task>
	<task type="query"><![CDATA[INSERT INTO `#__rsform_properties` (`PropertyId`,`ComponentId`,`PropertyName`,`PropertyValue`) VALUES ('','{ComponentId}','VALIDATIONMESSAGE','Invalid Input' )]]></task>
	<task type="query"><![CDATA[INSERT INTO `#__rsform_properties` (`PropertyId`,`ComponentId`,`PropertyName`,`PropertyValue`) VALUES ('','{ComponentId}','ADDITIONALATTRIBUTES','' )]]></task>
	<task type="query"><![CDATA[INSERT INTO `#__rsform_properties` (`PropertyId`,`ComponentId`,`PropertyName`,`PropertyValue`) VALUES ('','{ComponentId}','DEFAULTVALUE','' )]]></task>
	<task type="query"><![CDATA[INSERT INTO `#__rsform_properties` (`PropertyId`,`ComponentId`,`PropertyName`,`PropertyValue`) VALUES ('','{ComponentId}','DESCRIPTION','' )]]></task>
	<task type="query"><![CDATA[INSERT INTO `#__rsform_components` (`ComponentId`,`FormId`,`ComponentTypeId`,`Order`,`Published`) VALUES ('','{FormId}','4','5','1' )]]></task>
<task type="eval" source="">$GLOBALS['q_ComponentId'] = $db->insertid();</task>
	<task type="query"><![CDATA[INSERT INTO `#__rsform_properties` (`PropertyId`,`ComponentId`,`PropertyName`,`PropertyValue`) VALUES ('','{ComponentId}','NAME','Maintenance' )]]></task>
	<task type="query"><![CDATA[INSERT INTO `#__rsform_properties` (`PropertyId`,`ComponentId`,`PropertyName`,`PropertyValue`) VALUES ('','{ComponentId}','CAPTION','' )]]></task>
	<task type="query"><![CDATA[INSERT INTO `#__rsform_properties` (`PropertyId`,`ComponentId`,`PropertyName`,`PropertyValue`) VALUES ('','{ComponentId}','ITEMS','Maintenance' )]]></task>
	<task type="query"><![CDATA[INSERT INTO `#__rsform_properties` (`PropertyId`,`ComponentId`,`PropertyName`,`PropertyValue`) VALUES ('','{ComponentId}','FLOW','HORIZONTAL' )]]></task>
	<task type="query"><![CDATA[INSERT INTO `#__rsform_properties` (`PropertyId`,`ComponentId`,`PropertyName`,`PropertyValue`) VALUES ('','{ComponentId}','REQUIRED','NO' )]]></task>
	<task type="query"><![CDATA[INSERT INTO `#__rsform_properties` (`PropertyId`,`ComponentId`,`PropertyName`,`PropertyValue`) VALUES ('','{ComponentId}','ADDITIONALATTRIBUTES','onclick=\"displayField();\"' )]]></task>
	<task type="query"><![CDATA[INSERT INTO `#__rsform_properties` (`PropertyId`,`ComponentId`,`PropertyName`,`PropertyValue`) VALUES ('','{ComponentId}','DESCRIPTION','' )]]></task>
	<task type="query"><![CDATA[INSERT INTO `#__rsform_properties` (`PropertyId`,`ComponentId`,`PropertyName`,`PropertyValue`) VALUES ('','{ComponentId}','VALIDATIONMESSAGE','Invalid Input' )]]></task>
	<task type="query"><![CDATA[INSERT INTO `#__rsform_components` (`ComponentId`,`FormId`,`ComponentTypeId`,`Order`,`Published`) VALUES ('','{FormId}','4','6','1' )]]></task>
<task type="eval" source="">$GLOBALS['q_ComponentId'] = $db->insertid();</task>
	<task type="query"><![CDATA[INSERT INTO `#__rsform_properties` (`PropertyId`,`ComponentId`,`PropertyName`,`PropertyValue`) VALUES ('','{ComponentId}','NAME','Check' )]]></task>
	<task type="query"><![CDATA[INSERT INTO `#__rsform_properties` (`PropertyId`,`ComponentId`,`PropertyName`,`PropertyValue`) VALUES ('','{ComponentId}','CAPTION','' )]]></task>
	<task type="query"><![CDATA[INSERT INTO `#__rsform_properties` (`PropertyId`,`ComponentId`,`PropertyName`,`PropertyValue`) VALUES ('','{ComponentId}','ITEMS','Check/Certify Proper Backflow Preventer/Anti-Siphon Operation\r\nSet/Adjust Clock and Watering Times/Days\r\nSet/Adjust Station Run Times/Days\r\nAdjust/Set Head Alignment\r\nClean Spray Heads/Valves,  ' )]]></task>
	<task type="query"><![CDATA[INSERT INTO `#__rsform_properties` (`PropertyId`,`ComponentId`,`PropertyName`,`PropertyValue`) VALUES ('','{ComponentId}','FLOW','VERTICAL' )]]></task>
	<task type="query"><![CDATA[INSERT INTO `#__rsform_properties` (`PropertyId`,`ComponentId`,`PropertyName`,`PropertyValue`) VALUES ('','{ComponentId}','REQUIRED','NO' )]]></task>
	<task type="query"><![CDATA[INSERT INTO `#__rsform_properties` (`PropertyId`,`ComponentId`,`PropertyName`,`PropertyValue`) VALUES ('','{ComponentId}','ADDITIONALATTRIBUTES','' )]]></task>
	<task type="query"><![CDATA[INSERT INTO `#__rsform_properties` (`PropertyId`,`ComponentId`,`PropertyName`,`PropertyValue`) VALUES ('','{ComponentId}','DESCRIPTION','' )]]></task>
	<task type="query"><![CDATA[INSERT INTO `#__rsform_properties` (`PropertyId`,`ComponentId`,`PropertyName`,`PropertyValue`) VALUES ('','{ComponentId}','VALIDATIONMESSAGE','Invalid Input' )]]></task>
	<task type="query"><![CDATA[INSERT INTO `#__rsform_components` (`ComponentId`,`FormId`,`ComponentTypeId`,`Order`,`Published`) VALUES ('','{FormId}','1','7','1' )]]></task>
<task type="eval" source="">$GLOBALS['q_ComponentId'] = $db->insertid();</task>
	<task type="query"><![CDATA[INSERT INTO `#__rsform_properties` (`PropertyId`,`ComponentId`,`PropertyName`,`PropertyValue`) VALUES ('','{ComponentId}','NAME','Quantity1' )]]></task>
	<task type="query"><![CDATA[INSERT INTO `#__rsform_properties` (`PropertyId`,`ComponentId`,`PropertyName`,`PropertyValue`) VALUES ('','{ComponentId}','CAPTION','Quantity' )]]></task>
	<task type="query"><![CDATA[INSERT INTO `#__rsform_properties` (`PropertyId`,`ComponentId`,`PropertyName`,`PropertyValue`) VALUES ('','{ComponentId}','REQUIRED','NO' )]]></task>
	<task type="query"><![CDATA[INSERT INTO `#__rsform_properties` (`PropertyId`,`ComponentId`,`PropertyName`,`PropertyValue`) VALUES ('','{ComponentId}','SIZE','20' )]]></task>
	<task type="query"><![CDATA[INSERT INTO `#__rsform_properties` (`PropertyId`,`ComponentId`,`PropertyName`,`PropertyValue`) VALUES ('','{ComponentId}','MAXSIZE','' )]]></task>
	<task type="query"><![CDATA[INSERT INTO `#__rsform_properties` (`PropertyId`,`ComponentId`,`PropertyName`,`PropertyValue`) VALUES ('','{ComponentId}','VALIDATIONRULE','none' )]]></task>
	<task type="query"><![CDATA[INSERT INTO `#__rsform_properties` (`PropertyId`,`ComponentId`,`PropertyName`,`PropertyValue`) VALUES ('','{ComponentId}','VALIDATIONEXTRA','' )]]></task>
	<task type="query"><![CDATA[INSERT INTO `#__rsform_properties` (`PropertyId`,`ComponentId`,`PropertyName`,`PropertyValue`) VALUES ('','{ComponentId}','VALIDATIONMESSAGE','Invalid Input' )]]></task>
	<task type="query"><![CDATA[INSERT INTO `#__rsform_properties` (`PropertyId`,`ComponentId`,`PropertyName`,`PropertyValue`) VALUES ('','{ComponentId}','ADDITIONALATTRIBUTES','' )]]></task>
	<task type="query"><![CDATA[INSERT INTO `#__rsform_properties` (`PropertyId`,`ComponentId`,`PropertyName`,`PropertyValue`) VALUES ('','{ComponentId}','DEFAULTVALUE','' )]]></task>
	<task type="query"><![CDATA[INSERT INTO `#__rsform_properties` (`PropertyId`,`ComponentId`,`PropertyName`,`PropertyValue`) VALUES ('','{ComponentId}','DESCRIPTION','' )]]></task>
	<task type="query"><![CDATA[INSERT INTO `#__rsform_components` (`ComponentId`,`FormId`,`ComponentTypeId`,`Order`,`Published`) VALUES ('','{FormId}','4','8','1' )]]></task>
<task type="eval" source="">$GLOBALS['q_ComponentId'] = $db->insertid();</task>
	<task type="query"><![CDATA[INSERT INTO `#__rsform_properties` (`PropertyId`,`ComponentId`,`PropertyName`,`PropertyValue`) VALUES ('','{ComponentId}','NAME','Assure Free' )]]></task>
	<task type="query"><![CDATA[INSERT INTO `#__rsform_properties` (`PropertyId`,`ComponentId`,`PropertyName`,`PropertyValue`) VALUES ('','{ComponentId}','CAPTION','' )]]></task>
	<task type="query"><![CDATA[INSERT INTO `#__rsform_properties` (`PropertyId`,`ComponentId`,`PropertyName`,`PropertyValue`) VALUES ('','{ComponentId}','ITEMS','Assure Free Up/Down Operation of Spray Heads,' )]]></task>
	<task type="query"><![CDATA[INSERT INTO `#__rsform_properties` (`PropertyId`,`ComponentId`,`PropertyName`,`PropertyValue`) VALUES ('','{ComponentId}','FLOW','HORIZONTAL' )]]></task>
	<task type="query"><![CDATA[INSERT INTO `#__rsform_properties` (`PropertyId`,`ComponentId`,`PropertyName`,`PropertyValue`) VALUES ('','{ComponentId}','REQUIRED','NO' )]]></task>
	<task type="query"><![CDATA[INSERT INTO `#__rsform_properties` (`PropertyId`,`ComponentId`,`PropertyName`,`PropertyValue`) VALUES ('','{ComponentId}','ADDITIONALATTRIBUTES','' )]]></task>
	<task type="query"><![CDATA[INSERT INTO `#__rsform_properties` (`PropertyId`,`ComponentId`,`PropertyName`,`PropertyValue`) VALUES ('','{ComponentId}','DESCRIPTION','' )]]></task>
	<task type="query"><![CDATA[INSERT INTO `#__rsform_properties` (`PropertyId`,`ComponentId`,`PropertyName`,`PropertyValue`) VALUES ('','{ComponentId}','VALIDATIONMESSAGE','Invalid Input' )]]></task>
	<task type="query"><![CDATA[INSERT INTO `#__rsform_components` (`ComponentId`,`FormId`,`ComponentTypeId`,`Order`,`Published`) VALUES ('','{FormId}','1','9','1' )]]></task>
<task type="eval" source="">$GLOBALS['q_ComponentId'] = $db->insertid();</task>
	<task type="query"><![CDATA[INSERT INTO `#__rsform_properties` (`PropertyId`,`ComponentId`,`PropertyName`,`PropertyValue`) VALUES ('','{ComponentId}','NAME','Quantity2' )]]></task>
	<task type="query"><![CDATA[INSERT INTO `#__rsform_properties` (`PropertyId`,`ComponentId`,`PropertyName`,`PropertyValue`) VALUES ('','{ComponentId}','CAPTION','Quantity' )]]></task>
	<task type="query"><![CDATA[INSERT INTO `#__rsform_properties` (`PropertyId`,`ComponentId`,`PropertyName`,`PropertyValue`) VALUES ('','{ComponentId}','REQUIRED','NO' )]]></task>
	<task type="query"><![CDATA[INSERT INTO `#__rsform_properties` (`PropertyId`,`ComponentId`,`PropertyName`,`PropertyValue`) VALUES ('','{ComponentId}','SIZE','20' )]]></task>
	<task type="query"><![CDATA[INSERT INTO `#__rsform_properties` (`PropertyId`,`ComponentId`,`PropertyName`,`PropertyValue`) VALUES ('','{ComponentId}','MAXSIZE','' )]]></task>
	<task type="query"><![CDATA[INSERT INTO `#__rsform_properties` (`PropertyId`,`ComponentId`,`PropertyName`,`PropertyValue`) VALUES ('','{ComponentId}','VALIDATIONRULE','none' )]]></task>
	<task type="query"><![CDATA[INSERT INTO `#__rsform_properties` (`PropertyId`,`ComponentId`,`PropertyName`,`PropertyValue`) VALUES ('','{ComponentId}','VALIDATIONEXTRA','' )]]></task>
	<task type="query"><![CDATA[INSERT INTO `#__rsform_properties` (`PropertyId`,`ComponentId`,`PropertyName`,`PropertyValue`) VALUES ('','{ComponentId}','VALIDATIONMESSAGE','Invalid Input' )]]></task>
	<task type="query"><![CDATA[INSERT INTO `#__rsform_properties` (`PropertyId`,`ComponentId`,`PropertyName`,`PropertyValue`) VALUES ('','{ComponentId}','ADDITIONALATTRIBUTES','' )]]></task>
	<task type="query"><![CDATA[INSERT INTO `#__rsform_properties` (`PropertyId`,`ComponentId`,`PropertyName`,`PropertyValue`) VALUES ('','{ComponentId}','DEFAULTVALUE','' )]]></task>
	<task type="query"><![CDATA[INSERT INTO `#__rsform_properties` (`PropertyId`,`ComponentId`,`PropertyName`,`PropertyValue`) VALUES ('','{ComponentId}','DESCRIPTION','' )]]></task>
	<task type="query"><![CDATA[INSERT INTO `#__rsform_components` (`ComponentId`,`FormId`,`ComponentTypeId`,`Order`,`Published`) VALUES ('','{FormId}','4','10','1' )]]></task>
<task type="eval" source="">$GLOBALS['q_ComponentId'] = $db->insertid();</task>
	<task type="query"><![CDATA[INSERT INTO `#__rsform_properties` (`PropertyId`,`ComponentId`,`PropertyName`,`PropertyValue`) VALUES ('','{ComponentId}','NAME','Clean Water' )]]></task>
	<task type="query"><![CDATA[INSERT INTO `#__rsform_properties` (`PropertyId`,`ComponentId`,`PropertyName`,`PropertyValue`) VALUES ('','{ComponentId}','CAPTION','' )]]></task>
	<task type="query"><![CDATA[INSERT INTO `#__rsform_properties` (`PropertyId`,`ComponentId`,`PropertyName`,`PropertyValue`) VALUES ('','{ComponentId}','ITEMS','Clean Water Supply Filter\r\nTest System\r\nOther,' )]]></task>
	<task type="query"><![CDATA[INSERT INTO `#__rsform_properties` (`PropertyId`,`ComponentId`,`PropertyName`,`PropertyValue`) VALUES ('','{ComponentId}','FLOW','VERTICAL' )]]></task>
	<task type="query"><![CDATA[INSERT INTO `#__rsform_properties` (`PropertyId`,`ComponentId`,`PropertyName`,`PropertyValue`) VALUES ('','{ComponentId}','REQUIRED','NO' )]]></task>
	<task type="query"><![CDATA[INSERT INTO `#__rsform_properties` (`PropertyId`,`ComponentId`,`PropertyName`,`PropertyValue`) VALUES ('','{ComponentId}','ADDITIONALATTRIBUTES','' )]]></task>
	<task type="query"><![CDATA[INSERT INTO `#__rsform_properties` (`PropertyId`,`ComponentId`,`PropertyName`,`PropertyValue`) VALUES ('','{ComponentId}','DESCRIPTION','' )]]></task>
	<task type="query"><![CDATA[INSERT INTO `#__rsform_properties` (`PropertyId`,`ComponentId`,`PropertyName`,`PropertyValue`) VALUES ('','{ComponentId}','VALIDATIONMESSAGE','Invalid Input' )]]></task>
	<task type="query"><![CDATA[INSERT INTO `#__rsform_components` (`ComponentId`,`FormId`,`ComponentTypeId`,`Order`,`Published`) VALUES ('','{FormId}','1','11','1' )]]></task>
<task type="eval" source="">$GLOBALS['q_ComponentId'] = $db->insertid();</task>
	<task type="query"><![CDATA[INSERT INTO `#__rsform_properties` (`PropertyId`,`ComponentId`,`PropertyName`,`PropertyValue`) VALUES ('','{ComponentId}','NAME','specify1' )]]></task>
	<task type="query"><![CDATA[INSERT INTO `#__rsform_properties` (`PropertyId`,`ComponentId`,`PropertyName`,`PropertyValue`) VALUES ('','{ComponentId}','CAPTION','specify' )]]></task>
	<task type="query"><![CDATA[INSERT INTO `#__rsform_properties` (`PropertyId`,`ComponentId`,`PropertyName`,`PropertyValue`) VALUES ('','{ComponentId}','REQUIRED','NO' )]]></task>
	<task type="query"><![CDATA[INSERT INTO `#__rsform_properties` (`PropertyId`,`ComponentId`,`PropertyName`,`PropertyValue`) VALUES ('','{ComponentId}','SIZE','20' )]]></task>
	<task type="query"><![CDATA[INSERT INTO `#__rsform_properties` (`PropertyId`,`ComponentId`,`PropertyName`,`PropertyValue`) VALUES ('','{ComponentId}','MAXSIZE','' )]]></task>
	<task type="query"><![CDATA[INSERT INTO `#__rsform_properties` (`PropertyId`,`ComponentId`,`PropertyName`,`PropertyValue`) VALUES ('','{ComponentId}','VALIDATIONRULE','none' )]]></task>
	<task type="query"><![CDATA[INSERT INTO `#__rsform_properties` (`PropertyId`,`ComponentId`,`PropertyName`,`PropertyValue`) VALUES ('','{ComponentId}','VALIDATIONEXTRA','' )]]></task>
	<task type="query"><![CDATA[INSERT INTO `#__rsform_properties` (`PropertyId`,`ComponentId`,`PropertyName`,`PropertyValue`) VALUES ('','{ComponentId}','VALIDATIONMESSAGE','Invalid Input' )]]></task>
	<task type="query"><![CDATA[INSERT INTO `#__rsform_properties` (`PropertyId`,`ComponentId`,`PropertyName`,`PropertyValue`) VALUES ('','{ComponentId}','ADDITIONALATTRIBUTES','' )]]></task>
	<task type="query"><![CDATA[INSERT INTO `#__rsform_properties` (`PropertyId`,`ComponentId`,`PropertyName`,`PropertyValue`) VALUES ('','{ComponentId}','DEFAULTVALUE','' )]]></task>
	<task type="query"><![CDATA[INSERT INTO `#__rsform_properties` (`PropertyId`,`ComponentId`,`PropertyName`,`PropertyValue`) VALUES ('','{ComponentId}','DESCRIPTION','' )]]></task>
	<task type="query"><![CDATA[INSERT INTO `#__rsform_components` (`ComponentId`,`FormId`,`ComponentTypeId`,`Order`,`Published`) VALUES ('','{FormId}','4','12','1' )]]></task>
<task type="eval" source="">$GLOBALS['q_ComponentId'] = $db->insertid();</task>
	<task type="query"><![CDATA[INSERT INTO `#__rsform_properties` (`PropertyId`,`ComponentId`,`PropertyName`,`PropertyValue`) VALUES ('','{ComponentId}','NAME','Winterizing' )]]></task>
	<task type="query"><![CDATA[INSERT INTO `#__rsform_properties` (`PropertyId`,`ComponentId`,`PropertyName`,`PropertyValue`) VALUES ('','{ComponentId}','CAPTION','' )]]></task>
	<task type="query"><![CDATA[INSERT INTO `#__rsform_properties` (`PropertyId`,`ComponentId`,`PropertyName`,`PropertyValue`) VALUES ('','{ComponentId}','ITEMS','Winterizing' )]]></task>
	<task type="query"><![CDATA[INSERT INTO `#__rsform_properties` (`PropertyId`,`ComponentId`,`PropertyName`,`PropertyValue`) VALUES ('','{ComponentId}','FLOW','HORIZONTAL' )]]></task>
	<task type="query"><![CDATA[INSERT INTO `#__rsform_properties` (`PropertyId`,`ComponentId`,`PropertyName`,`PropertyValue`) VALUES ('','{ComponentId}','REQUIRED','NO' )]]></task>
	<task type="query"><![CDATA[INSERT INTO `#__rsform_properties` (`PropertyId`,`ComponentId`,`PropertyName`,`PropertyValue`) VALUES ('','{ComponentId}','ADDITIONALATTRIBUTES','onclick=\"displayField();\"' )]]></task>
	<task type="query"><![CDATA[INSERT INTO `#__rsform_properties` (`PropertyId`,`ComponentId`,`PropertyName`,`PropertyValue`) VALUES ('','{ComponentId}','DESCRIPTION','' )]]></task>
	<task type="query"><![CDATA[INSERT INTO `#__rsform_properties` (`PropertyId`,`ComponentId`,`PropertyName`,`PropertyValue`) VALUES ('','{ComponentId}','VALIDATIONMESSAGE','Invalid Input' )]]></task>
	<task type="query"><![CDATA[INSERT INTO `#__rsform_components` (`ComponentId`,`FormId`,`ComponentTypeId`,`Order`,`Published`) VALUES ('','{FormId}','4','13','1' )]]></task>
<task type="eval" source="">$GLOBALS['q_ComponentId'] = $db->insertid();</task>
	<task type="query"><![CDATA[INSERT INTO `#__rsform_properties` (`PropertyId`,`ComponentId`,`PropertyName`,`PropertyValue`) VALUES ('','{ComponentId}','NAME','Shutoff Water Supply' )]]></task>
	<task type="query"><![CDATA[INSERT INTO `#__rsform_properties` (`PropertyId`,`ComponentId`,`PropertyName`,`PropertyValue`) VALUES ('','{ComponentId}','CAPTION','' )]]></task>
	<task type="query"><![CDATA[INSERT INTO `#__rsform_properties` (`PropertyId`,`ComponentId`,`PropertyName`,`PropertyValue`) VALUES ('','{ComponentId}','ITEMS','Shut-off Water Supply\r\nDrain Lines and Valves\r\nBlow Out Lines and Valves with Compressed Air\r\nOther,' )]]></task>
	<task type="query"><![CDATA[INSERT INTO `#__rsform_properties` (`PropertyId`,`ComponentId`,`PropertyName`,`PropertyValue`) VALUES ('','{ComponentId}','FLOW','VERTICAL' )]]></task>
	<task type="query"><![CDATA[INSERT INTO `#__rsform_properties` (`PropertyId`,`ComponentId`,`PropertyName`,`PropertyValue`) VALUES ('','{ComponentId}','REQUIRED','NO' )]]></task>
	<task type="query"><![CDATA[INSERT INTO `#__rsform_properties` (`PropertyId`,`ComponentId`,`PropertyName`,`PropertyValue`) VALUES ('','{ComponentId}','ADDITIONALATTRIBUTES','' )]]></task>
	<task type="query"><![CDATA[INSERT INTO `#__rsform_properties` (`PropertyId`,`ComponentId`,`PropertyName`,`PropertyValue`) VALUES ('','{ComponentId}','DESCRIPTION','' )]]></task>
	<task type="query"><![CDATA[INSERT INTO `#__rsform_properties` (`PropertyId`,`ComponentId`,`PropertyName`,`PropertyValue`) VALUES ('','{ComponentId}','VALIDATIONMESSAGE','Invalid Input' )]]></task>
	<task type="query"><![CDATA[INSERT INTO `#__rsform_components` (`ComponentId`,`FormId`,`ComponentTypeId`,`Order`,`Published`) VALUES ('','{FormId}','1','14','1' )]]></task>
<task type="eval" source="">$GLOBALS['q_ComponentId'] = $db->insertid();</task>
	<task type="query"><![CDATA[INSERT INTO `#__rsform_properties` (`PropertyId`,`ComponentId`,`PropertyName`,`PropertyValue`) VALUES ('','{ComponentId}','NAME','specify2' )]]></task>
	<task type="query"><![CDATA[INSERT INTO `#__rsform_properties` (`PropertyId`,`ComponentId`,`PropertyName`,`PropertyValue`) VALUES ('','{ComponentId}','CAPTION','specify' )]]></task>
	<task type="query"><![CDATA[INSERT INTO `#__rsform_properties` (`PropertyId`,`ComponentId`,`PropertyName`,`PropertyValue`) VALUES ('','{ComponentId}','REQUIRED','NO' )]]></task>
	<task type="query"><![CDATA[INSERT INTO `#__rsform_properties` (`PropertyId`,`ComponentId`,`PropertyName`,`PropertyValue`) VALUES ('','{ComponentId}','SIZE','20' )]]></task>
	<task type="query"><![CDATA[INSERT INTO `#__rsform_properties` (`PropertyId`,`ComponentId`,`PropertyName`,`PropertyValue`) VALUES ('','{ComponentId}','MAXSIZE','' )]]></task>
	<task type="query"><![CDATA[INSERT INTO `#__rsform_properties` (`PropertyId`,`ComponentId`,`PropertyName`,`PropertyValue`) VALUES ('','{ComponentId}','VALIDATIONRULE','none' )]]></task>
	<task type="query"><![CDATA[INSERT INTO `#__rsform_properties` (`PropertyId`,`ComponentId`,`PropertyName`,`PropertyValue`) VALUES ('','{ComponentId}','VALIDATIONEXTRA','' )]]></task>
	<task type="query"><![CDATA[INSERT INTO `#__rsform_properties` (`PropertyId`,`ComponentId`,`PropertyName`,`PropertyValue`) VALUES ('','{ComponentId}','VALIDATIONMESSAGE','Invalid Input' )]]></task>
	<task type="query"><![CDATA[INSERT INTO `#__rsform_properties` (`PropertyId`,`ComponentId`,`PropertyName`,`PropertyValue`) VALUES ('','{ComponentId}','ADDITIONALATTRIBUTES','' )]]></task>
	<task type="query"><![CDATA[INSERT INTO `#__rsform_properties` (`PropertyId`,`ComponentId`,`PropertyName`,`PropertyValue`) VALUES ('','{ComponentId}','DEFAULTVALUE','' )]]></task>
	<task type="query"><![CDATA[INSERT INTO `#__rsform_properties` (`PropertyId`,`ComponentId`,`PropertyName`,`PropertyValue`) VALUES ('','{ComponentId}','DESCRIPTION','' )]]></task>
	<task type="query"><![CDATA[INSERT INTO `#__rsform_components` (`ComponentId`,`FormId`,`ComponentTypeId`,`Order`,`Published`) VALUES ('','{FormId}','4','15','1' )]]></task>
<task type="eval" source="">$GLOBALS['q_ComponentId'] = $db->insertid();</task>
	<task type="query"><![CDATA[INSERT INTO `#__rsform_properties` (`PropertyId`,`ComponentId`,`PropertyName`,`PropertyValue`) VALUES ('','{ComponentId}','NAME','Repair' )]]></task>
	<task type="query"><![CDATA[INSERT INTO `#__rsform_properties` (`PropertyId`,`ComponentId`,`PropertyName`,`PropertyValue`) VALUES ('','{ComponentId}','CAPTION','' )]]></task>
	<task type="query"><![CDATA[INSERT INTO `#__rsform_properties` (`PropertyId`,`ComponentId`,`PropertyName`,`PropertyValue`) VALUES ('','{ComponentId}','ITEMS','Repair/Replacement' )]]></task>
	<task type="query"><![CDATA[INSERT INTO `#__rsform_properties` (`PropertyId`,`ComponentId`,`PropertyName`,`PropertyValue`) VALUES ('','{ComponentId}','FLOW','HORIZONTAL' )]]></task>
	<task type="query"><![CDATA[INSERT INTO `#__rsform_properties` (`PropertyId`,`ComponentId`,`PropertyName`,`PropertyValue`) VALUES ('','{ComponentId}','REQUIRED','NO' )]]></task>
	<task type="query"><![CDATA[INSERT INTO `#__rsform_properties` (`PropertyId`,`ComponentId`,`PropertyName`,`PropertyValue`) VALUES ('','{ComponentId}','ADDITIONALATTRIBUTES','onclick=\"displayField();\"' )]]></task>
	<task type="query"><![CDATA[INSERT INTO `#__rsform_properties` (`PropertyId`,`ComponentId`,`PropertyName`,`PropertyValue`) VALUES ('','{ComponentId}','DESCRIPTION','' )]]></task>
	<task type="query"><![CDATA[INSERT INTO `#__rsform_properties` (`PropertyId`,`ComponentId`,`PropertyName`,`PropertyValue`) VALUES ('','{ComponentId}','VALIDATIONMESSAGE','Invalid Input' )]]></task>
	<task type="query"><![CDATA[INSERT INTO `#__rsform_components` (`ComponentId`,`FormId`,`ComponentTypeId`,`Order`,`Published`) VALUES ('','{FormId}','4','16','1' )]]></task>
<task type="eval" source="">$GLOBALS['q_ComponentId'] = $db->insertid();</task>
	<task type="query"><![CDATA[INSERT INTO `#__rsform_properties` (`PropertyId`,`ComponentId`,`PropertyName`,`PropertyValue`) VALUES ('','{ComponentId}','NAME','Complete System' )]]></task>
	<task type="query"><![CDATA[INSERT INTO `#__rsform_properties` (`PropertyId`,`ComponentId`,`PropertyName`,`PropertyValue`) VALUES ('','{ComponentId}','CAPTION','' )]]></task>
	<task type="query"><![CDATA[INSERT INTO `#__rsform_properties` (`PropertyId`,`ComponentId`,`PropertyName`,`PropertyValue`) VALUES ('','{ComponentId}','ITEMS','Complete System\r\nController\r\nSupply Pump\r\nWater Supply Filter\r\nWater Supply Plumbing\r\nRelays/Valves,' )]]></task>
	<task type="query"><![CDATA[INSERT INTO `#__rsform_properties` (`PropertyId`,`ComponentId`,`PropertyName`,`PropertyValue`) VALUES ('','{ComponentId}','FLOW','VERTICAL' )]]></task>
	<task type="query"><![CDATA[INSERT INTO `#__rsform_properties` (`PropertyId`,`ComponentId`,`PropertyName`,`PropertyValue`) VALUES ('','{ComponentId}','REQUIRED','NO' )]]></task>
	<task type="query"><![CDATA[INSERT INTO `#__rsform_properties` (`PropertyId`,`ComponentId`,`PropertyName`,`PropertyValue`) VALUES ('','{ComponentId}','ADDITIONALATTRIBUTES','' )]]></task>
	<task type="query"><![CDATA[INSERT INTO `#__rsform_properties` (`PropertyId`,`ComponentId`,`PropertyName`,`PropertyValue`) VALUES ('','{ComponentId}','DESCRIPTION','' )]]></task>
	<task type="query"><![CDATA[INSERT INTO `#__rsform_properties` (`PropertyId`,`ComponentId`,`PropertyName`,`PropertyValue`) VALUES ('','{ComponentId}','VALIDATIONMESSAGE','Invalid Input' )]]></task>
	<task type="query"><![CDATA[INSERT INTO `#__rsform_components` (`ComponentId`,`FormId`,`ComponentTypeId`,`Order`,`Published`) VALUES ('','{FormId}','1','17','1' )]]></task>
<task type="eval" source="">$GLOBALS['q_ComponentId'] = $db->insertid();</task>
	<task type="query"><![CDATA[INSERT INTO `#__rsform_properties` (`PropertyId`,`ComponentId`,`PropertyName`,`PropertyValue`) VALUES ('','{ComponentId}','NAME','Quantity3' )]]></task>
	<task type="query"><![CDATA[INSERT INTO `#__rsform_properties` (`PropertyId`,`ComponentId`,`PropertyName`,`PropertyValue`) VALUES ('','{ComponentId}','CAPTION','Quantity' )]]></task>
	<task type="query"><![CDATA[INSERT INTO `#__rsform_properties` (`PropertyId`,`ComponentId`,`PropertyName`,`PropertyValue`) VALUES ('','{ComponentId}','REQUIRED','NO' )]]></task>
	<task type="query"><![CDATA[INSERT INTO `#__rsform_properties` (`PropertyId`,`ComponentId`,`PropertyName`,`PropertyValue`) VALUES ('','{ComponentId}','SIZE','20' )]]></task>
	<task type="query"><![CDATA[INSERT INTO `#__rsform_properties` (`PropertyId`,`ComponentId`,`PropertyName`,`PropertyValue`) VALUES ('','{ComponentId}','MAXSIZE','' )]]></task>
	<task type="query"><![CDATA[INSERT INTO `#__rsform_properties` (`PropertyId`,`ComponentId`,`PropertyName`,`PropertyValue`) VALUES ('','{ComponentId}','VALIDATIONRULE','none' )]]></task>
	<task type="query"><![CDATA[INSERT INTO `#__rsform_properties` (`PropertyId`,`ComponentId`,`PropertyName`,`PropertyValue`) VALUES ('','{ComponentId}','VALIDATIONEXTRA','' )]]></task>
	<task type="query"><![CDATA[INSERT INTO `#__rsform_properties` (`PropertyId`,`ComponentId`,`PropertyName`,`PropertyValue`) VALUES ('','{ComponentId}','VALIDATIONMESSAGE','Invalid Input' )]]></task>
	<task type="query"><![CDATA[INSERT INTO `#__rsform_properties` (`PropertyId`,`ComponentId`,`PropertyName`,`PropertyValue`) VALUES ('','{ComponentId}','ADDITIONALATTRIBUTES','' )]]></task>
	<task type="query"><![CDATA[INSERT INTO `#__rsform_properties` (`PropertyId`,`ComponentId`,`PropertyName`,`PropertyValue`) VALUES ('','{ComponentId}','DEFAULTVALUE','' )]]></task>
	<task type="query"><![CDATA[INSERT INTO `#__rsform_properties` (`PropertyId`,`ComponentId`,`PropertyName`,`PropertyValue`) VALUES ('','{ComponentId}','DESCRIPTION','' )]]></task>
	<task type="query"><![CDATA[INSERT INTO `#__rsform_components` (`ComponentId`,`FormId`,`ComponentTypeId`,`Order`,`Published`) VALUES ('','{FormId}','4','18','1' )]]></task>
<task type="eval" source="">$GLOBALS['q_ComponentId'] = $db->insertid();</task>
	<task type="query"><![CDATA[INSERT INTO `#__rsform_properties` (`PropertyId`,`ComponentId`,`PropertyName`,`PropertyValue`) VALUES ('','{ComponentId}','NAME','Broken' )]]></task>
	<task type="query"><![CDATA[INSERT INTO `#__rsform_properties` (`PropertyId`,`ComponentId`,`PropertyName`,`PropertyValue`) VALUES ('','{ComponentId}','CAPTION','' )]]></task>
	<task type="query"><![CDATA[INSERT INTO `#__rsform_properties` (`PropertyId`,`ComponentId`,`PropertyName`,`PropertyValue`) VALUES ('','{ComponentId}','ITEMS','Broken/Missing Sprinkler Heads,' )]]></task>
	<task type="query"><![CDATA[INSERT INTO `#__rsform_properties` (`PropertyId`,`ComponentId`,`PropertyName`,`PropertyValue`) VALUES ('','{ComponentId}','FLOW','HORIZONTAL' )]]></task>
	<task type="query"><![CDATA[INSERT INTO `#__rsform_properties` (`PropertyId`,`ComponentId`,`PropertyName`,`PropertyValue`) VALUES ('','{ComponentId}','REQUIRED','NO' )]]></task>
	<task type="query"><![CDATA[INSERT INTO `#__rsform_properties` (`PropertyId`,`ComponentId`,`PropertyName`,`PropertyValue`) VALUES ('','{ComponentId}','ADDITIONALATTRIBUTES','' )]]></task>
	<task type="query"><![CDATA[INSERT INTO `#__rsform_properties` (`PropertyId`,`ComponentId`,`PropertyName`,`PropertyValue`) VALUES ('','{ComponentId}','DESCRIPTION','' )]]></task>
	<task type="query"><![CDATA[INSERT INTO `#__rsform_properties` (`PropertyId`,`ComponentId`,`PropertyName`,`PropertyValue`) VALUES ('','{ComponentId}','VALIDATIONMESSAGE','Invalid Input' )]]></task>
	<task type="query"><![CDATA[INSERT INTO `#__rsform_components` (`ComponentId`,`FormId`,`ComponentTypeId`,`Order`,`Published`) VALUES ('','{FormId}','1','19','1' )]]></task>
<task type="eval" source="">$GLOBALS['q_ComponentId'] = $db->insertid();</task>
	<task type="query"><![CDATA[INSERT INTO `#__rsform_properties` (`PropertyId`,`ComponentId`,`PropertyName`,`PropertyValue`) VALUES ('','{ComponentId}','NAME','Quantity4' )]]></task>
	<task type="query"><![CDATA[INSERT INTO `#__rsform_properties` (`PropertyId`,`ComponentId`,`PropertyName`,`PropertyValue`) VALUES ('','{ComponentId}','CAPTION','Quantity' )]]></task>
	<task type="query"><![CDATA[INSERT INTO `#__rsform_properties` (`PropertyId`,`ComponentId`,`PropertyName`,`PropertyValue`) VALUES ('','{ComponentId}','REQUIRED','NO' )]]></task>
	<task type="query"><![CDATA[INSERT INTO `#__rsform_properties` (`PropertyId`,`ComponentId`,`PropertyName`,`PropertyValue`) VALUES ('','{ComponentId}','SIZE','20' )]]></task>
	<task type="query"><![CDATA[INSERT INTO `#__rsform_properties` (`PropertyId`,`ComponentId`,`PropertyName`,`PropertyValue`) VALUES ('','{ComponentId}','MAXSIZE','' )]]></task>
	<task type="query"><![CDATA[INSERT INTO `#__rsform_properties` (`PropertyId`,`ComponentId`,`PropertyName`,`PropertyValue`) VALUES ('','{ComponentId}','VALIDATIONRULE','none' )]]></task>
	<task type="query"><![CDATA[INSERT INTO `#__rsform_properties` (`PropertyId`,`ComponentId`,`PropertyName`,`PropertyValue`) VALUES ('','{ComponentId}','VALIDATIONEXTRA','' )]]></task>
	<task type="query"><![CDATA[INSERT INTO `#__rsform_properties` (`PropertyId`,`ComponentId`,`PropertyName`,`PropertyValue`) VALUES ('','{ComponentId}','VALIDATIONMESSAGE','Invalid Input' )]]></task>
	<task type="query"><![CDATA[INSERT INTO `#__rsform_properties` (`PropertyId`,`ComponentId`,`PropertyName`,`PropertyValue`) VALUES ('','{ComponentId}','ADDITIONALATTRIBUTES','' )]]></task>
	<task type="query"><![CDATA[INSERT INTO `#__rsform_properties` (`PropertyId`,`ComponentId`,`PropertyName`,`PropertyValue`) VALUES ('','{ComponentId}','DEFAULTVALUE','' )]]></task>
	<task type="query"><![CDATA[INSERT INTO `#__rsform_properties` (`PropertyId`,`ComponentId`,`PropertyName`,`PropertyValue`) VALUES ('','{ComponentId}','DESCRIPTION','' )]]></task>
	<task type="query"><![CDATA[INSERT INTO `#__rsform_components` (`ComponentId`,`FormId`,`ComponentTypeId`,`Order`,`Published`) VALUES ('','{FormId}','4','20','1' )]]></task>
<task type="eval" source="">$GLOBALS['q_ComponentId'] = $db->insertid();</task>
	<task type="query"><![CDATA[INSERT INTO `#__rsform_properties` (`PropertyId`,`ComponentId`,`PropertyName`,`PropertyValue`) VALUES ('','{ComponentId}','NAME','Seal Leaks' )]]></task>
	<task type="query"><![CDATA[INSERT INTO `#__rsform_properties` (`PropertyId`,`ComponentId`,`PropertyName`,`PropertyValue`) VALUES ('','{ComponentId}','CAPTION','' )]]></task>
	<task type="query"><![CDATA[INSERT INTO `#__rsform_properties` (`PropertyId`,`ComponentId`,`PropertyName`,`PropertyValue`) VALUES ('','{ComponentId}','ITEMS','Seal Leaks\r\nUnderground Lines/Fittings\r\nFind & Repair Underground Leak' )]]></task>
	<task type="query"><![CDATA[INSERT INTO `#__rsform_properties` (`PropertyId`,`ComponentId`,`PropertyName`,`PropertyValue`) VALUES ('','{ComponentId}','FLOW','VERTICAL' )]]></task>
	<task type="query"><![CDATA[INSERT INTO `#__rsform_properties` (`PropertyId`,`ComponentId`,`PropertyName`,`PropertyValue`) VALUES ('','{ComponentId}','REQUIRED','NO' )]]></task>
	<task type="query"><![CDATA[INSERT INTO `#__rsform_properties` (`PropertyId`,`ComponentId`,`PropertyName`,`PropertyValue`) VALUES ('','{ComponentId}','ADDITIONALATTRIBUTES','' )]]></task>
	<task type="query"><![CDATA[INSERT INTO `#__rsform_properties` (`PropertyId`,`ComponentId`,`PropertyName`,`PropertyValue`) VALUES ('','{ComponentId}','DESCRIPTION','' )]]></task>
	<task type="query"><![CDATA[INSERT INTO `#__rsform_properties` (`PropertyId`,`ComponentId`,`PropertyName`,`PropertyValue`) VALUES ('','{ComponentId}','VALIDATIONMESSAGE','Invalid Input' )]]></task>
	<task type="query"><![CDATA[INSERT INTO `#__rsform_components` (`ComponentId`,`FormId`,`ComponentTypeId`,`Order`,`Published`) VALUES ('','{FormId}','4','21','1' )]]></task>
<task type="eval" source="">$GLOBALS['q_ComponentId'] = $db->insertid();</task>
	<task type="query"><![CDATA[INSERT INTO `#__rsform_properties` (`PropertyId`,`ComponentId`,`PropertyName`,`PropertyValue`) VALUES ('','{ComponentId}','NAME','Require pricing to be broken out' )]]></task>
	<task type="query"><![CDATA[INSERT INTO `#__rsform_properties` (`PropertyId`,`ComponentId`,`PropertyName`,`PropertyValue`) VALUES ('','{ComponentId}','CAPTION','Require pricing to be broken out?' )]]></task>
	<task type="query"><![CDATA[INSERT INTO `#__rsform_properties` (`PropertyId`,`ComponentId`,`PropertyName`,`PropertyValue`) VALUES ('','{ComponentId}','ITEMS','Yes\r\nNo' )]]></task>
	<task type="query"><![CDATA[INSERT INTO `#__rsform_properties` (`PropertyId`,`ComponentId`,`PropertyName`,`PropertyValue`) VALUES ('','{ComponentId}','FLOW','HORIZONTAL' )]]></task>
	<task type="query"><![CDATA[INSERT INTO `#__rsform_properties` (`PropertyId`,`ComponentId`,`PropertyName`,`PropertyValue`) VALUES ('','{ComponentId}','REQUIRED','NO' )]]></task>
	<task type="query"><![CDATA[INSERT INTO `#__rsform_properties` (`PropertyId`,`ComponentId`,`PropertyName`,`PropertyValue`) VALUES ('','{ComponentId}','ADDITIONALATTRIBUTES','' )]]></task>
	<task type="query"><![CDATA[INSERT INTO `#__rsform_properties` (`PropertyId`,`ComponentId`,`PropertyName`,`PropertyValue`) VALUES ('','{ComponentId}','DESCRIPTION','' )]]></task>
	<task type="query"><![CDATA[INSERT INTO `#__rsform_properties` (`PropertyId`,`ComponentId`,`PropertyName`,`PropertyValue`) VALUES ('','{ComponentId}','VALIDATIONMESSAGE','Invalid Input' )]]></task>
	<task type="query"><![CDATA[INSERT INTO `#__rsform_components` (`ComponentId`,`FormId`,`ComponentTypeId`,`Order`,`Published`) VALUES ('','{FormId}','13','22','1' )]]></task>
<task type="eval" source="">$GLOBALS['q_ComponentId'] = $db->insertid();</task>
	<task type="query"><![CDATA[INSERT INTO `#__rsform_properties` (`PropertyId`,`ComponentId`,`PropertyName`,`PropertyValue`) VALUES ('','{ComponentId}','NAME','submit' )]]></task>
	<task type="query"><![CDATA[INSERT INTO `#__rsform_properties` (`PropertyId`,`ComponentId`,`PropertyName`,`PropertyValue`) VALUES ('','{ComponentId}','LABEL','' )]]></task>
	<task type="query"><![CDATA[INSERT INTO `#__rsform_properties` (`PropertyId`,`ComponentId`,`PropertyName`,`PropertyValue`) VALUES ('','{ComponentId}','CAPTION','' )]]></task>
	<task type="query"><![CDATA[INSERT INTO `#__rsform_properties` (`PropertyId`,`ComponentId`,`PropertyName`,`PropertyValue`) VALUES ('','{ComponentId}','RESET','NO' )]]></task>
	<task type="query"><![CDATA[INSERT INTO `#__rsform_properties` (`PropertyId`,`ComponentId`,`PropertyName`,`PropertyValue`) VALUES ('','{ComponentId}','RESETLABEL','' )]]></task>
	<task type="query"><![CDATA[INSERT INTO `#__rsform_properties` (`PropertyId`,`ComponentId`,`PropertyName`,`PropertyValue`) VALUES ('','{ComponentId}','ADDITIONALATTRIBUTES','' )]]></task>
</tasks>
</RSinstall>