<?xml version="1.0" encoding="utf-8"?>
<RSinstall type="rsformbackup">
<name>RSform backup</name>
<creationDate>2011-06-07</creationDate>
<author>CAMA</author>
<copyright> (C) 2011 http://camassistant.com/cms/</copyright>
<authorEmail>admin@admin.com</authorEmail>
<authorUrl>http://camassistant.com/cms/</authorUrl>
<version>1.2.0</version>
<description>RSform Backup</description>
<tasks>
	<task type="query"><![CDATA[INSERT INTO `#__rsform_forms` (`FormId`,`FormName`,`camindustry`,`FormLayout`,`FormLayoutName`,`FormLayoutAutogenerate`,`FormTitle`,`Published`,`Lang`,`ReturnUrl`,`Thankyou`,`UserEmailText`,`UserEmailTo`,`UserEmailCC`,`UserEmailBCC`,`UserEmailFrom`,`UserEmailReplyTo`,`UserEmailFromName`,`UserEmailSubject`,`UserEmailMode`,`UserEmailAttach`,`UserEmailAttachFile`,`AdminEmailText`,`AdminEmailTo`,`AdminEmailCC`,`AdminEmailBCC`,`AdminEmailFrom`,`AdminEmailReplyTo`,`AdminEmailFromName`,`AdminEmailSubject`,`AdminEmailMode`,`ScriptProcess`,`ScriptProcess2`,`ScriptDisplay`,`MetaTitle`,`MetaDesc`,`MetaKeywords`,`Required`,`ErrorMessage`) VALUES ('','Landscape Architect','75','<script type=\"text/javascript\"> \r\nfunction displayField(elem) \r\n{ \r\nif(document.getElementById(\'Property10\').checked == true )\r\ndocument.getElementById(\'Property101\').style.display=\"\";\r\nelse { document.getElementById(\'Property101\').style.display=\"none\"; } \r\n \r\nif(document.getElementById(\'Frequencyofservices2\').checked == true )\r\ndocument.getElementById(\'Frequencyadditaonal2\').style.display=\"\";\r\nelse { document.getElementById(\'Frequencyadditaonal2\').style.display=\"none\"; } \r\n\r\nif(document.getElementById(\'Service0\').checked == true )\r\ndocument.getElementById(\'mowing01\').style.display=\"\";\r\nelse { document.getElementById(\'mowing01\').style.display=\"none\"; } \r\n\r\nif(document.getElementById(\'Service10\').checked == true )\r\ndocument.getElementById(\'Weed_control01\').style.display=\"\";\r\nelse { document.getElementById(\'Weed_control01\').style.display=\"none\"; } \r\n\r\nif(document.getElementById(\'Service20\').checked == true )\r\ndocument.getElementById(\'Hard_Edge_Trimming01\').style.display=\"\";\r\nelse { document.getElementById(\'Hard_Edge_Trimming01\').style.display=\"none\"; } \r\n\r\nif(document.getElementById(\'Service40\').checked == true )\r\ndocument.getElementById(\'Hedge_Trimming01\').style.display=\"\";\r\nelse { document.getElementById(\'Hedge_Trimming01\').style.display=\"none\"; } \r\n\r\nif(document.getElementById(\'Service50\').checked == true )\r\ndocument.getElementById(\'Tree_Trimming01\').style.display=\"\";\r\nelse { document.getElementById(\'Tree_Trimming01\').style.display=\"none\"; } \r\n\r\nif(document.getElementById(\'Service60\').checked == true )\r\ndocument.getElementById(\'Mulching01\').style.display=\"\";\r\nelse { document.getElementById(\'Mulching01\').style.display=\"none\"; } \r\n\r\nif(document.getElementById(\'Service70\').checked == true )\r\ndocument.getElementById(\'Irrigation01\').style.display=\"\";\r\nelse { document.getElementById(\'Irrigation01\').style.display=\"none\"; } \r\n\r\n} \r\n/*window.addEvent(\'domready\', function() { displayField(); }); */\r\n</script>\r\n<div class=\"form-main\">\r\n<div class=\"componentheading\">{global:formtitle}</div>\r\n{error}\r\n<table border=\"0\">\r\n	<tr>\r\n		<!-- <td>{Head:caption} {Head:validation}</td> -->\r\n		<td colspan=\"3\"><!--{Head:body}<div class=\"formClr\"></div>--></td>\r\n		<!-- <td>{Head:description}</td> -->\r\n	</tr>\r\n	<tr>\r\n		<!-- <td>{q1:caption}</td> -->\r\n		<td colspan=\"3\">{q1:body} (*) {Property:validation}<div class=\"formClr\"></div></td>\r\n		<!-- <td>{q1:description}</td> -->\r\n	</tr>\r\n	<tr>\r\n		<td width=\"10%\">{Property:caption}</td>\r\n		<td>{Property:body}<div class=\"formClr\"></div></td>\r\n		<td>{Property:description}</td>\r\n	</tr>\r\n	<tr>\r\n		<td>{PropertyAdditinal:caption} {PropertyAdditinal:validation}</td>\r\n		<td>\r\n                   <table style=\"display:none;margin-left:50px;\" id=\"Property101\">\r\n                     <tr>\r\n                        <td>{PropertyAdditinal:body}<div class=\"formClr\"></div></td>\r\n                     </tr>\r\n                     <tr>\r\n		        <td>{PropertyAdditinal:description}</td>\r\n                     </tr>\r\n                     <tr>   \r\n		        <td>{Property1:caption} {Property1:validation}</td>\r\n                     </tr>\r\n                     <tr>\r\n		        <td>{Property1:body}<div class=\"formClr\"></div></td>\r\n                     </tr>\r\n                     <tr>\r\n		        <td>{Property1:description}</td>\r\n                     </tr>\r\n                    </table>\r\n               </td>\r\n\r\n	</tr>\r\n	<!-- <tr>\r\n		<td>{Property1:caption} {Property1:validation}</td>\r\n		<td>{Property1:body}<div class=\"formClr\"></div></td>\r\n		<td>{Property1:description}</td>\r\n	</tr> -->\r\n	<tr>\r\n		<!-- <td>{Projected:caption} {Projected:validation}</td> -->\r\n		<td colspan=\"3\">{Projected:body}<div class=\"formClr\"></div></td>\r\n		<!-- <td>{Projected:description}</td> -->\r\n	</tr>\r\n	<!-- <tr>\r\n		<td>{Startdatetext:caption} {Startdatetext:validation}</td>\r\n		<td>{Startdatetext:body}<div class=\"formClr\"></div></td>\r\n		<td>{Startdatetext:description}</td>\r\n	</tr> -->\r\n	<tr>\r\n		<!-- <td>{Startdate:caption} {Startdate:validation}</td> -->\r\n                <td>{Startdate:description}</td>\r\n		<td colspan=\"2\">{Startdate:caption}: {Startdate:body} {Startdate:validation}<div class=\"formClr\"></div></td>\r\n                <!-- <td>{Startdate:description}</td> -->\r\n	</tr>\r\n	<!-- <tr>\r\n		<td>{Enddatetext:caption} {Enddatetext:validation}</td>\r\n		<td>{Enddatetext:body}<div class=\"formClr\"></div></td>\r\n		<td>{Enddatetext:description}</td>\r\n	</tr> -->\r\n	<tr>\r\n		<!-- <td>{Enddate:caption} {Enddate:validation}</td> -->\r\n                <td>{Enddate:description}</td>\r\n		<td colspan=\"2\">{Enddate:caption} : {Enddate:body} {Enddate:validation}<div class=\"formClr\"></div></td>\r\n		<!-- <td>{Enddate:description}</td> -->\r\n	</tr>\r\n	<tr>\r\n		<!-- <td>{Frequency:caption}</td> -->\r\n		<td colspan=\"3\">{Frequency:body} (*) {Frequencyofservices:validation}<div class=\"formClr\"></div></td>\r\n		<!-- <td>{Frequency:description}</td> -->\r\n	</tr>\r\n	<tr>\r\n		<td>{Frequencyofservices:caption}</td>\r\n		<td>{Frequencyofservices:body}<div class=\"formClr\"></div></td>\r\n		<td>{Frequencyofservices:description}</td>\r\n	</tr>\r\n	<tr>\r\n		<td>{Frequencyadditaonal:caption} {Frequencyadditaonal:validation}</td>\r\n		<td id=\"Frequencyadditaonal2\" style=\"display:none;\">{Frequencyadditaonal:body} {Frequency1:body} {Frequency1:validation}<div class=\"formClr\"></div> </td>\r\n                  <!-- <table  id=\"Frequencyadditaonal2\">\r\n                     <tr>\r\n                        <td> {Frequencyadditaonal:body}<div class=\"formClr\"></div></td>\r\n                        <td>{Frequency1:body} {Frequency1:validation}<div class=\"formClr\"></div></td>\r\n                      </tr> -->\r\n                     <!-- <tr>\r\n       		        <td>{Frequencyadditaonal:description}</td>\r\n                     </tr>\r\n                     <tr>\r\n 		         <td>{Frequency1:caption} {Frequency1:validation}</td>\r\n                     </tr>\r\n                     <tr>\r\n		         <td>{Frequency1:body}<div class=\"formClr\"></div></td>\r\n                     </tr>\r\n                     <tr>\r\n		          <td>{Frequency1:description}</td>\r\n	            </tr> \r\n                  </table> -->\r\n	</tr>\r\n	<!--<tr>\r\n		<td>{Frequency1:caption} {Frequency1:validation}</td>\r\n		<td>{Frequency1:body}<div class=\"formClr\"></div></td>\r\n		<td>{Frequency1:description}</td>\r\n	</tr>-->\r\n	<tr>\r\n		<!--<td>{Publish Date:caption} {Publish Date:validation}</td> -->\r\n                <td>{Publish Date:description}</td>\r\n		<td colspan=\"2\">{Publish Date:caption}:{Publish Date:body} {Publish Date:validation}<div class=\"formClr\"></div></td>\r\n		<!-- <td>{Publish Date:description}</td> -->\r\n	</tr>\r\n	<!-- <tr>\r\n		<td>{Publish Date text:caption}{Publish Date text:validation}</td>\r\n		<td>{Publish Date text:body}<div class=\"formClr\"></div></td>\r\n		<td>{Publish Date text:description}</td>\r\n	</tr> -->\r\n	<tr>\r\n		<!-- <td>{hours:caption} {hours:validation}</td> -->\r\n                <td>{hours:description}</td>\r\n		<td colspan=\"2\">{hours:caption}:{hours:body} {hours:validation}<div class=\"formClr\"></div></td>\r\n		<!-- <td>{hours:description}</td> -->\r\n	</tr>\r\n	<tr>\r\n		<!-- <td>{MAX Text:caption} {MAX Text:validation}</td> -->\r\n		<td colspan=\"3\">{MAX Text:body}<div class=\"formClr\"></div></td>\r\n		<!-- <td>{MAX Text:description}</td> -->\r\n	</tr>\r\n	<tr>\r\n		 <td>{max:caption}</td> \r\n		<td colspan=\"2\">{max:caption} {max:body} {max:validation}<div class=\"formClr\"></div></td>\r\n		<!-- <td>{max:description}</td> -->\r\n	</tr>\r\n	<tr>\r\n		<!-- <td>{ServiceText:caption}</td> -->\r\n		<td colspan=\"3\">{ServiceText:body}  (*) {Service:validation}<div class=\"formClr\"></div></td>\r\n		<!-- <td>{ServiceText:description}</td> -->\r\n	</tr>\r\n	<tr>\r\n		<td>{Service:caption}</td>\r\n		<td>{Service:body}<div class=\"formClr\"></div></td>\r\n		<td>{Service:description}</td>\r\n	</tr>\r\n	<tr>\r\n		<td>{mowing:caption} {mowing:validation}</td>\r\n		<td>\r\n			<table id=\"mowing01\" style=\"display:none; margin-left:50px;\"  >\r\n				<tr>\r\n					<td> \r\n						{mowing:body}<div class=\"formClr\"></div>\r\n					</td>\r\n				</tr>\r\n				<tr>				\r\n					<td>\r\n						{mowing:description}\r\n					</td>\r\n				</tr>\r\n			</table>\r\n		</td>\r\n	<tr>\r\n		<td>{Service1:caption} {Service1:validation}</td>\r\n		<td>{Service1:body}<div class=\"formClr\"></div></td>\r\n		<td>{Service1:description}</td>\r\n	</tr>\r\n	<tr>\r\n		<td>{Weed control:caption} {Weed control:validation}</td>\r\n		<td>\r\n			<table id=\"Weed_control01\" style=\"display:none;margin-left:50px;\">\r\n				<tr>\r\n					<td> \r\n					 	{Weed control:body}<div class=\"formClr\"></div>\r\n					 </td>\r\n				</tr>\r\n				<tr>\r\n					<td>\r\n						{Weed control:description}\r\n					</td>\r\n				</tr>\r\n			</table>\r\n		</td>\r\n	</tr>\r\n	<tr>\r\n		<td>{Service2:caption} {Service2:validation}</td>\r\n		<td>{Service2:body}<div class=\"formClr\"></div></td>\r\n		<td>{Service2:description}</td>\r\n	</tr>\r\n	<tr>\r\n		<td>{Hard Edge Trimming:caption} {Hard Edge Trimming:validation}</td>\r\n		<td>\r\n			<table id=\"Hard_Edge_Trimming01\" style=\"display:none;margin-left:50px;\">\r\n				<tr>\r\n					<td>\r\n					  {Hard Edge Trimming:body}<div class=\"formClr\"></div>\r\n					</td>\r\n				</tr>\r\n				<tr>\r\n					<td>\r\n					   {Hard Edge Trimming:description}\r\n					</td>\r\n				</tr>\r\n			</table>\r\n		</td>\r\n	</tr>\r\n	<tr>\r\n		<td>{Service3:caption} {Service3:validation}</td>\r\n		<td>{Service3:body}<div class=\"formClr\"></div></td>\r\n		<td>{Service3:description}</td>\r\n	</tr>\r\n	<tr>\r\n		<td>{Service4:caption} {Service4:validation}</td>\r\n		<td>{Service4:body}<div class=\"formClr\"></div></td>\r\n		<td>{Service4:description}</td>\r\n	</tr>\r\n	<tr>\r\n		<td>{Hedge Trimming:caption} {Hedge Trimming:validation}</td>\r\n		<td>\r\n			<table id=\"Hedge_Trimming01\" style=\"display:none;margin-left:50px;\">\r\n				<tr>\r\n					<td>\r\n						{Hedge Trimming:body}<div class=\"formClr\"></div>\r\n\r\n					</td>\r\n				</tr>\r\n				<tr>\r\n					<td>{Hedge Trimming:description}</td>\r\n				</tr>\r\n			</table>\r\n		</td>\r\n	</tr>\r\n	<tr>\r\n		<td>{Service5:caption} {Service5:validation}</td>\r\n		<td>{Service5:body}<div class=\"formClr\"></div></td>\r\n		<td>{Service5:description}</td>\r\n	</tr>\r\n	<tr>\r\n		<td>{Tree Trimming:caption} {Tree Trimming:validation}</td>\r\n		<td>\r\n			<table id=\"Tree_Trimming01\" style=\"display:none;margin-left:50px;\">\r\n				<tr>\r\n					<td>{Tree Trimming:body}<div class=\"formClr\"></div></td>\r\n				</tr>\r\n				<tr>\r\n					<td>{Tree Trimming:description}</td>\r\n				</tr>\r\n			</table>\r\n		</td>\r\n	</tr>\r\n	<tr>\r\n		<td>{Service6:caption} {Service6:validation}</td>\r\n		<td>{Service6:body}<div class=\"formClr\"></div></td>\r\n		<td>{Service6:description}</td>\r\n	</tr>\r\n	<tr>\r\n		<td>{Mulching:caption} {Mulching:validation}</td>\r\n		<td>\r\n			<table id=\"Mulching01\" style=\"display:none;margin-left:50px;\">\r\n				<tr>\r\n					<td>{Mulching:body}<div class=\"formClr\"></div></td>\r\n				</tr>\r\n				<tr>\r\n					<td>{Mulching:description}</td>\r\n				</tr>\r\n			</table>\r\n		</td>\r\n	</tr>\r\n	<tr>\r\n		<td>{Service7:caption} {Service7:validation}</td>\r\n		<td>{Service7:body}<div class=\"formClr\"></div></td>\r\n		<td>{Service7:description}</td>\r\n	</tr>\r\n	<tr>\r\n		<td>{Irrigation:caption} {Irrigation:validation}</td>\r\n		<td>\r\n			<table id=\"Irrigation01\" style=\"display:none;margin-left:50px;\">\r\n				<tr>\r\n					<td>{Irrigation:body}<div class=\"formClr\"></div></td>\r\n				</tr>\r\n				<tr>\r\n					<td>{Irrigation:description}</td>\r\n				</tr>\r\n			</table>\r\n		</td>\r\n	</tr>\r\n	<tr>\r\n		<!-- <td>{service category text:caption} {service category text:validation}</td> -->\r\n		<td colspan=\"3\">{service category text:body}<div class=\"formClr\"></div></td>\r\n		<!-- <td>{service category text:description}</td> -->\r\n	</tr>\r\n	<tr>\r\n		<td>{service category:caption} {service category:validation}</td>\r\n		<td>{service category:body}<div class=\"formClr\"></div></td>\r\n		<td>{service category:description}</td>\r\n	</tr>\r\n	<tr>\r\n		<!-- <td>{Fertilization text:caption} {Fertilization text:validation}</td> -->\r\n		<td colspan=\"3\">{Fertilization text:body}<div class=\"formClr\"></div></td>\r\n		<!-- <td>{Fertilization text:description}</td> -->\r\n	</tr>\r\n         <tr>\r\n		<td>{Fertilizationcategory:caption} {Fertilizationcategory:validation}</td>\r\n		<td>{Fertilizationcategory:body}<div class=\"formClr\"></div></td>\r\n		<td>{Fertilizationcategory:description}</td>\r\n	</tr>\r\n	<tr>\r\n		<td>{submit:caption} {submit:validation}</td>\r\n		<td>{submit:body} <input type=\"reset\" id=\"reset\" name=\"reset\" value=\"\"/><div class=\"formClr\"></div></td>\r\n		<td>{submit:description}</td>\r\n	</tr>\r\n	\r\n</table>\r\n</div>','inline','0','Landscape Architect','1','','','<p>Dear {FullName:value},</p>\r\n<p>thank you for your submission. One of our staff members will contact you by  {ContactBy:value} as soon as possible.</p>','<p>Dear {FullName:value},</p>\r\n<p>we received your contact request. Someone will get back to you by {ContactBy:value} soon.</p>','{Email:value}','','','your@email.com','','Your Company','Contact confirmation','1','0','D:\\wamp\\www\\sample/components/com_rsform/uploads/','','','','','','','','','1','','','','0','','','(*)','<p class=\"formRed\">Please complete all required fields!</p>' )]]></task>
<task type="eval" source="">$GLOBALS['q_FormId'] = $db->insertid();</task>
	<task type="query"><![CDATA[INSERT INTO `#__rsform_components` (`ComponentId`,`FormId`,`ComponentTypeId`,`Order`,`Published`) VALUES ('','{FormId}','10','1','1' )]]></task>
<task type="eval" source="">$GLOBALS['q_ComponentId'] = $db->insertid();</task>
	<task type="query"><![CDATA[INSERT INTO `#__rsform_properties` (`PropertyId`,`ComponentId`,`PropertyName`,`PropertyValue`) VALUES ('','{ComponentId}','TEXT','Community dropdown selection menu with item “Add Property” at the bottom of the list.' )]]></task>
	<task type="query"><![CDATA[INSERT INTO `#__rsform_properties` (`PropertyId`,`ComponentId`,`PropertyName`,`PropertyValue`) VALUES ('','{ComponentId}','NAME','Head' )]]></task>
	<task type="query"><![CDATA[INSERT INTO `#__rsform_components` (`ComponentId`,`FormId`,`ComponentTypeId`,`Order`,`Published`) VALUES ('','{FormId}','10','2','1' )]]></task>
<task type="eval" source="">$GLOBALS['q_ComponentId'] = $db->insertid();</task>
	<task type="query"><![CDATA[INSERT INTO `#__rsform_properties` (`PropertyId`,`ComponentId`,`PropertyName`,`PropertyValue`) VALUES ('','{ComponentId}','TEXT','Where on the Property will work be performed? (Check appropriate boxes)' )]]></task>
	<task type="query"><![CDATA[INSERT INTO `#__rsform_properties` (`PropertyId`,`ComponentId`,`PropertyName`,`PropertyValue`) VALUES ('','{ComponentId}','NAME','q1' )]]></task>
	<task type="query"><![CDATA[INSERT INTO `#__rsform_components` (`ComponentId`,`FormId`,`ComponentTypeId`,`Order`,`Published`) VALUES ('','{FormId}','4','3','1' )]]></task>
<task type="eval" source="">$GLOBALS['q_ComponentId'] = $db->insertid();</task>
	<task type="query"><![CDATA[INSERT INTO `#__rsform_properties` (`PropertyId`,`ComponentId`,`PropertyName`,`PropertyValue`) VALUES ('','{ComponentId}','NAME','Property' )]]></task>
	<task type="query"><![CDATA[INSERT INTO `#__rsform_properties` (`PropertyId`,`ComponentId`,`PropertyName`,`PropertyValue`) VALUES ('','{ComponentId}','CAPTION','' )]]></task>
	<task type="query"><![CDATA[INSERT INTO `#__rsform_properties` (`PropertyId`,`ComponentId`,`PropertyName`,`PropertyValue`) VALUES ('','{ComponentId}','ITEMS','Common area<br/>\r\nGate House<br/>\r\nClub House<br/>\r\nPool<br/>\r\nParking lot<br/>\r\nRecreation Center<br/>\r\nMobile Patrol<br/>\r\nConstruction sites<br/>\r\nSpecial events<br/>\r\nVirtual/Not on site<br/>\r\nOthers<br/>' )]]></task>
	<task type="query"><![CDATA[INSERT INTO `#__rsform_properties` (`PropertyId`,`ComponentId`,`PropertyName`,`PropertyValue`) VALUES ('','{ComponentId}','REQUIRED','YES' )]]></task>
	<task type="query"><![CDATA[INSERT INTO `#__rsform_properties` (`PropertyId`,`ComponentId`,`PropertyName`,`PropertyValue`) VALUES ('','{ComponentId}','FLOW','HORIZONTAL' )]]></task>
	<task type="query"><![CDATA[INSERT INTO `#__rsform_properties` (`PropertyId`,`ComponentId`,`PropertyName`,`PropertyValue`) VALUES ('','{ComponentId}','ADDITIONALATTRIBUTES','onclick=\"javascript:displayField(\'Property10\');\"' )]]></task>
	<task type="query"><![CDATA[INSERT INTO `#__rsform_properties` (`PropertyId`,`ComponentId`,`PropertyName`,`PropertyValue`) VALUES ('','{ComponentId}','DESCRIPTION','' )]]></task>
	<task type="query"><![CDATA[INSERT INTO `#__rsform_properties` (`PropertyId`,`ComponentId`,`PropertyName`,`PropertyValue`) VALUES ('','{ComponentId}','VALIDATIONMESSAGE','Check appropriate boxes' )]]></task>
	<task type="query"><![CDATA[INSERT INTO `#__rsform_components` (`ComponentId`,`FormId`,`ComponentTypeId`,`Order`,`Published`) VALUES ('','{FormId}','1','5','1' )]]></task>
<task type="eval" source="">$GLOBALS['q_ComponentId'] = $db->insertid();</task>
	<task type="query"><![CDATA[INSERT INTO `#__rsform_properties` (`PropertyId`,`ComponentId`,`PropertyName`,`PropertyValue`) VALUES ('','{ComponentId}','NAME','Property1' )]]></task>
	<task type="query"><![CDATA[INSERT INTO `#__rsform_properties` (`PropertyId`,`ComponentId`,`PropertyName`,`PropertyValue`) VALUES ('','{ComponentId}','CAPTION','' )]]></task>
	<task type="query"><![CDATA[INSERT INTO `#__rsform_properties` (`PropertyId`,`ComponentId`,`PropertyName`,`PropertyValue`) VALUES ('','{ComponentId}','REQUIRED','NO' )]]></task>
	<task type="query"><![CDATA[INSERT INTO `#__rsform_properties` (`PropertyId`,`ComponentId`,`PropertyName`,`PropertyValue`) VALUES ('','{ComponentId}','SIZE','20' )]]></task>
	<task type="query"><![CDATA[INSERT INTO `#__rsform_properties` (`PropertyId`,`ComponentId`,`PropertyName`,`PropertyValue`) VALUES ('','{ComponentId}','MAXSIZE','' )]]></task>
	<task type="query"><![CDATA[INSERT INTO `#__rsform_properties` (`PropertyId`,`ComponentId`,`PropertyName`,`PropertyValue`) VALUES ('','{ComponentId}','VALIDATIONRULE','none' )]]></task>
	<task type="query"><![CDATA[INSERT INTO `#__rsform_properties` (`PropertyId`,`ComponentId`,`PropertyName`,`PropertyValue`) VALUES ('','{ComponentId}','VALIDATIONEXTRA','' )]]></task>
	<task type="query"><![CDATA[INSERT INTO `#__rsform_properties` (`PropertyId`,`ComponentId`,`PropertyName`,`PropertyValue`) VALUES ('','{ComponentId}','VALIDATIONMESSAGE','Invalid Input' )]]></task>
	<task type="query"><![CDATA[INSERT INTO `#__rsform_properties` (`PropertyId`,`ComponentId`,`PropertyName`,`PropertyValue`) VALUES ('','{ComponentId}','ADDITIONALATTRIBUTES','' )]]></task>
	<task type="query"><![CDATA[INSERT INTO `#__rsform_properties` (`PropertyId`,`ComponentId`,`PropertyName`,`PropertyValue`) VALUES ('','{ComponentId}','DEFAULTVALUE','' )]]></task>
	<task type="query"><![CDATA[INSERT INTO `#__rsform_properties` (`PropertyId`,`ComponentId`,`PropertyName`,`PropertyValue`) VALUES ('','{ComponentId}','DESCRIPTION','' )]]></task>
	<task type="query"><![CDATA[INSERT INTO `#__rsform_components` (`ComponentId`,`FormId`,`ComponentTypeId`,`Order`,`Published`) VALUES ('','{FormId}','10','4','1' )]]></task>
<task type="eval" source="">$GLOBALS['q_ComponentId'] = $db->insertid();</task>
	<task type="query"><![CDATA[INSERT INTO `#__rsform_properties` (`PropertyId`,`ComponentId`,`PropertyName`,`PropertyValue`) VALUES ('','{ComponentId}','NAME','PropertyAdditinal' )]]></task>
	<task type="query"><![CDATA[INSERT INTO `#__rsform_properties` (`PropertyId`,`ComponentId`,`PropertyName`,`PropertyValue`) VALUES ('','{ComponentId}','TEXT','Please Specify' )]]></task>
	<task type="query"><![CDATA[INSERT INTO `#__rsform_components` (`ComponentId`,`FormId`,`ComponentTypeId`,`Order`,`Published`) VALUES ('','{FormId}','6','8','1' )]]></task>
<task type="eval" source="">$GLOBALS['q_ComponentId'] = $db->insertid();</task>
	<task type="query"><![CDATA[INSERT INTO `#__rsform_properties` (`PropertyId`,`ComponentId`,`PropertyName`,`PropertyValue`) VALUES ('','{ComponentId}','NAME','Startdate' )]]></task>
	<task type="query"><![CDATA[INSERT INTO `#__rsform_properties` (`PropertyId`,`ComponentId`,`PropertyName`,`PropertyValue`) VALUES ('','{ComponentId}','CAPTION','Start date' )]]></task>
	<task type="query"><![CDATA[INSERT INTO `#__rsform_properties` (`PropertyId`,`ComponentId`,`PropertyName`,`PropertyValue`) VALUES ('','{ComponentId}','REQUIRED','NO' )]]></task>
	<task type="query"><![CDATA[INSERT INTO `#__rsform_properties` (`PropertyId`,`ComponentId`,`PropertyName`,`PropertyValue`) VALUES ('','{ComponentId}','DATEFORMAT','dd.mm.yyyy' )]]></task>
	<task type="query"><![CDATA[INSERT INTO `#__rsform_properties` (`PropertyId`,`ComponentId`,`PropertyName`,`PropertyValue`) VALUES ('','{ComponentId}','CALENDARLAYOUT','POPUP' )]]></task>
	<task type="query"><![CDATA[INSERT INTO `#__rsform_properties` (`PropertyId`,`ComponentId`,`PropertyName`,`PropertyValue`) VALUES ('','{ComponentId}','ADDITIONALATTRIBUTES','' )]]></task>
	<task type="query"><![CDATA[INSERT INTO `#__rsform_properties` (`PropertyId`,`ComponentId`,`PropertyName`,`PropertyValue`) VALUES ('','{ComponentId}','READONLY','NO' )]]></task>
	<task type="query"><![CDATA[INSERT INTO `#__rsform_properties` (`PropertyId`,`ComponentId`,`PropertyName`,`PropertyValue`) VALUES ('','{ComponentId}','POPUPLABEL','...' )]]></task>
	<task type="query"><![CDATA[INSERT INTO `#__rsform_properties` (`PropertyId`,`ComponentId`,`PropertyName`,`PropertyValue`) VALUES ('','{ComponentId}','DESCRIPTION','' )]]></task>
	<task type="query"><![CDATA[INSERT INTO `#__rsform_properties` (`PropertyId`,`ComponentId`,`PropertyName`,`PropertyValue`) VALUES ('','{ComponentId}','VALIDATIONMESSAGE','Invalid Input' )]]></task>
	<task type="query"><![CDATA[INSERT INTO `#__rsform_components` (`ComponentId`,`FormId`,`ComponentTypeId`,`Order`,`Published`) VALUES ('','{FormId}','6','10','1' )]]></task>
<task type="eval" source="">$GLOBALS['q_ComponentId'] = $db->insertid();</task>
	<task type="query"><![CDATA[INSERT INTO `#__rsform_properties` (`PropertyId`,`ComponentId`,`PropertyName`,`PropertyValue`) VALUES ('','{ComponentId}','NAME','Enddate' )]]></task>
	<task type="query"><![CDATA[INSERT INTO `#__rsform_properties` (`PropertyId`,`ComponentId`,`PropertyName`,`PropertyValue`) VALUES ('','{ComponentId}','CAPTION','End date' )]]></task>
	<task type="query"><![CDATA[INSERT INTO `#__rsform_properties` (`PropertyId`,`ComponentId`,`PropertyName`,`PropertyValue`) VALUES ('','{ComponentId}','REQUIRED','NO' )]]></task>
	<task type="query"><![CDATA[INSERT INTO `#__rsform_properties` (`PropertyId`,`ComponentId`,`PropertyName`,`PropertyValue`) VALUES ('','{ComponentId}','DATEFORMAT','dd.mm.yyyy' )]]></task>
	<task type="query"><![CDATA[INSERT INTO `#__rsform_properties` (`PropertyId`,`ComponentId`,`PropertyName`,`PropertyValue`) VALUES ('','{ComponentId}','CALENDARLAYOUT','POPUP' )]]></task>
	<task type="query"><![CDATA[INSERT INTO `#__rsform_properties` (`PropertyId`,`ComponentId`,`PropertyName`,`PropertyValue`) VALUES ('','{ComponentId}','ADDITIONALATTRIBUTES','' )]]></task>
	<task type="query"><![CDATA[INSERT INTO `#__rsform_properties` (`PropertyId`,`ComponentId`,`PropertyName`,`PropertyValue`) VALUES ('','{ComponentId}','READONLY','NO' )]]></task>
	<task type="query"><![CDATA[INSERT INTO `#__rsform_properties` (`PropertyId`,`ComponentId`,`PropertyName`,`PropertyValue`) VALUES ('','{ComponentId}','POPUPLABEL','...' )]]></task>
	<task type="query"><![CDATA[INSERT INTO `#__rsform_properties` (`PropertyId`,`ComponentId`,`PropertyName`,`PropertyValue`) VALUES ('','{ComponentId}','DESCRIPTION','' )]]></task>
	<task type="query"><![CDATA[INSERT INTO `#__rsform_properties` (`PropertyId`,`ComponentId`,`PropertyName`,`PropertyValue`) VALUES ('','{ComponentId}','VALIDATIONMESSAGE','Invalid Input' )]]></task>
	<task type="query"><![CDATA[INSERT INTO `#__rsform_components` (`ComponentId`,`FormId`,`ComponentTypeId`,`Order`,`Published`) VALUES ('','{FormId}','10','6','1' )]]></task>
<task type="eval" source="">$GLOBALS['q_ComponentId'] = $db->insertid();</task>
	<task type="query"><![CDATA[INSERT INTO `#__rsform_properties` (`PropertyId`,`ComponentId`,`PropertyName`,`PropertyValue`) VALUES ('','{ComponentId}','NAME','Projected' )]]></task>
	<task type="query"><![CDATA[INSERT INTO `#__rsform_properties` (`PropertyId`,`ComponentId`,`PropertyName`,`PropertyValue`) VALUES ('','{ComponentId}','TEXT','Projected' )]]></task>
	<task type="query"><![CDATA[INSERT INTO `#__rsform_components` (`ComponentId`,`FormId`,`ComponentTypeId`,`Order`,`Published`) VALUES ('','{FormId}','10','11','1' )]]></task>
<task type="eval" source="">$GLOBALS['q_ComponentId'] = $db->insertid();</task>
	<task type="query"><![CDATA[INSERT INTO `#__rsform_properties` (`PropertyId`,`ComponentId`,`PropertyName`,`PropertyValue`) VALUES ('','{ComponentId}','NAME','Frequency' )]]></task>
	<task type="query"><![CDATA[INSERT INTO `#__rsform_properties` (`PropertyId`,`ComponentId`,`PropertyName`,`PropertyValue`) VALUES ('','{ComponentId}','TEXT','Frequency of services:' )]]></task>
	<task type="query"><![CDATA[INSERT INTO `#__rsform_components` (`ComponentId`,`FormId`,`ComponentTypeId`,`Order`,`Published`) VALUES ('','{FormId}','4','12','1' )]]></task>
<task type="eval" source="">$GLOBALS['q_ComponentId'] = $db->insertid();</task>
	<task type="query"><![CDATA[INSERT INTO `#__rsform_properties` (`PropertyId`,`ComponentId`,`PropertyName`,`PropertyValue`) VALUES ('','{ComponentId}','NAME','Frequencyofservices' )]]></task>
	<task type="query"><![CDATA[INSERT INTO `#__rsform_properties` (`PropertyId`,`ComponentId`,`PropertyName`,`PropertyValue`) VALUES ('','{ComponentId}','CAPTION','' )]]></task>
	<task type="query"><![CDATA[INSERT INTO `#__rsform_properties` (`PropertyId`,`ComponentId`,`PropertyName`,`PropertyValue`) VALUES ('','{ComponentId}','ITEMS','Hours a day<br/>\r\nNumber of days a week<br/>\r\nSpecific date(s)<br/>' )]]></task>
	<task type="query"><![CDATA[INSERT INTO `#__rsform_properties` (`PropertyId`,`ComponentId`,`PropertyName`,`PropertyValue`) VALUES ('','{ComponentId}','FLOW','HORIZONTAL' )]]></task>
	<task type="query"><![CDATA[INSERT INTO `#__rsform_properties` (`PropertyId`,`ComponentId`,`PropertyName`,`PropertyValue`) VALUES ('','{ComponentId}','REQUIRED','YES' )]]></task>
	<task type="query"><![CDATA[INSERT INTO `#__rsform_properties` (`PropertyId`,`ComponentId`,`PropertyName`,`PropertyValue`) VALUES ('','{ComponentId}','ADDITIONALATTRIBUTES','onclick=\"javascript: displayField(\'Frequencyofservices2\')\";' )]]></task>
	<task type="query"><![CDATA[INSERT INTO `#__rsform_properties` (`PropertyId`,`ComponentId`,`PropertyName`,`PropertyValue`) VALUES ('','{ComponentId}','DESCRIPTION','' )]]></task>
	<task type="query"><![CDATA[INSERT INTO `#__rsform_properties` (`PropertyId`,`ComponentId`,`PropertyName`,`PropertyValue`) VALUES ('','{ComponentId}','VALIDATIONMESSAGE','Check appropriate boxes' )]]></task>
	<task type="query"><![CDATA[INSERT INTO `#__rsform_components` (`ComponentId`,`FormId`,`ComponentTypeId`,`Order`,`Published`) VALUES ('','{FormId}','10','13','1' )]]></task>
<task type="eval" source="">$GLOBALS['q_ComponentId'] = $db->insertid();</task>
	<task type="query"><![CDATA[INSERT INTO `#__rsform_properties` (`PropertyId`,`ComponentId`,`PropertyName`,`PropertyValue`) VALUES ('','{ComponentId}','NAME','Frequencyadditaonal' )]]></task>
	<task type="query"><![CDATA[INSERT INTO `#__rsform_properties` (`PropertyId`,`ComponentId`,`PropertyName`,`PropertyValue`) VALUES ('','{ComponentId}','TEXT','Please Specify:' )]]></task>
	<task type="query"><![CDATA[INSERT INTO `#__rsform_components` (`ComponentId`,`FormId`,`ComponentTypeId`,`Order`,`Published`) VALUES ('','{FormId}','1','14','1' )]]></task>
<task type="eval" source="">$GLOBALS['q_ComponentId'] = $db->insertid();</task>
	<task type="query"><![CDATA[INSERT INTO `#__rsform_properties` (`PropertyId`,`ComponentId`,`PropertyName`,`PropertyValue`) VALUES ('','{ComponentId}','NAME','Frequency1' )]]></task>
	<task type="query"><![CDATA[INSERT INTO `#__rsform_properties` (`PropertyId`,`ComponentId`,`PropertyName`,`PropertyValue`) VALUES ('','{ComponentId}','CAPTION','' )]]></task>
	<task type="query"><![CDATA[INSERT INTO `#__rsform_properties` (`PropertyId`,`ComponentId`,`PropertyName`,`PropertyValue`) VALUES ('','{ComponentId}','REQUIRED','NO' )]]></task>
	<task type="query"><![CDATA[INSERT INTO `#__rsform_properties` (`PropertyId`,`ComponentId`,`PropertyName`,`PropertyValue`) VALUES ('','{ComponentId}','SIZE','20' )]]></task>
	<task type="query"><![CDATA[INSERT INTO `#__rsform_properties` (`PropertyId`,`ComponentId`,`PropertyName`,`PropertyValue`) VALUES ('','{ComponentId}','MAXSIZE','' )]]></task>
	<task type="query"><![CDATA[INSERT INTO `#__rsform_properties` (`PropertyId`,`ComponentId`,`PropertyName`,`PropertyValue`) VALUES ('','{ComponentId}','VALIDATIONRULE','none' )]]></task>
	<task type="query"><![CDATA[INSERT INTO `#__rsform_properties` (`PropertyId`,`ComponentId`,`PropertyName`,`PropertyValue`) VALUES ('','{ComponentId}','VALIDATIONEXTRA','' )]]></task>
	<task type="query"><![CDATA[INSERT INTO `#__rsform_properties` (`PropertyId`,`ComponentId`,`PropertyName`,`PropertyValue`) VALUES ('','{ComponentId}','VALIDATIONMESSAGE','Invalid Input' )]]></task>
	<task type="query"><![CDATA[INSERT INTO `#__rsform_properties` (`PropertyId`,`ComponentId`,`PropertyName`,`PropertyValue`) VALUES ('','{ComponentId}','ADDITIONALATTRIBUTES','' )]]></task>
	<task type="query"><![CDATA[INSERT INTO `#__rsform_properties` (`PropertyId`,`ComponentId`,`PropertyName`,`PropertyValue`) VALUES ('','{ComponentId}','DEFAULTVALUE','' )]]></task>
	<task type="query"><![CDATA[INSERT INTO `#__rsform_properties` (`PropertyId`,`ComponentId`,`PropertyName`,`PropertyValue`) VALUES ('','{ComponentId}','DESCRIPTION','' )]]></task>
	<task type="query"><![CDATA[INSERT INTO `#__rsform_components` (`ComponentId`,`FormId`,`ComponentTypeId`,`Order`,`Published`) VALUES ('','{FormId}','6','15','1' )]]></task>
<task type="eval" source="">$GLOBALS['q_ComponentId'] = $db->insertid();</task>
	<task type="query"><![CDATA[INSERT INTO `#__rsform_properties` (`PropertyId`,`ComponentId`,`PropertyName`,`PropertyValue`) VALUES ('','{ComponentId}','NAME','Publish Date' )]]></task>
	<task type="query"><![CDATA[INSERT INTO `#__rsform_properties` (`PropertyId`,`ComponentId`,`PropertyName`,`PropertyValue`) VALUES ('','{ComponentId}','CAPTION','Publish Date' )]]></task>
	<task type="query"><![CDATA[INSERT INTO `#__rsform_properties` (`PropertyId`,`ComponentId`,`PropertyName`,`PropertyValue`) VALUES ('','{ComponentId}','REQUIRED','NO' )]]></task>
	<task type="query"><![CDATA[INSERT INTO `#__rsform_properties` (`PropertyId`,`ComponentId`,`PropertyName`,`PropertyValue`) VALUES ('','{ComponentId}','DATEFORMAT','dd.mm.yyyy' )]]></task>
	<task type="query"><![CDATA[INSERT INTO `#__rsform_properties` (`PropertyId`,`ComponentId`,`PropertyName`,`PropertyValue`) VALUES ('','{ComponentId}','CALENDARLAYOUT','POPUP' )]]></task>
	<task type="query"><![CDATA[INSERT INTO `#__rsform_properties` (`PropertyId`,`ComponentId`,`PropertyName`,`PropertyValue`) VALUES ('','{ComponentId}','ADDITIONALATTRIBUTES','' )]]></task>
	<task type="query"><![CDATA[INSERT INTO `#__rsform_properties` (`PropertyId`,`ComponentId`,`PropertyName`,`PropertyValue`) VALUES ('','{ComponentId}','READONLY','NO' )]]></task>
	<task type="query"><![CDATA[INSERT INTO `#__rsform_properties` (`PropertyId`,`ComponentId`,`PropertyName`,`PropertyValue`) VALUES ('','{ComponentId}','POPUPLABEL','...' )]]></task>
	<task type="query"><![CDATA[INSERT INTO `#__rsform_properties` (`PropertyId`,`ComponentId`,`PropertyName`,`PropertyValue`) VALUES ('','{ComponentId}','DESCRIPTION','' )]]></task>
	<task type="query"><![CDATA[INSERT INTO `#__rsform_properties` (`PropertyId`,`ComponentId`,`PropertyName`,`PropertyValue`) VALUES ('','{ComponentId}','VALIDATIONMESSAGE','Invalid Input' )]]></task>
	<task type="query"><![CDATA[INSERT INTO `#__rsform_components` (`ComponentId`,`FormId`,`ComponentTypeId`,`Order`,`Published`) VALUES ('','{FormId}','10','16','1' )]]></task>
<task type="eval" source="">$GLOBALS['q_ComponentId'] = $db->insertid();</task>
	<task type="query"><![CDATA[INSERT INTO `#__rsform_properties` (`PropertyId`,`ComponentId`,`PropertyName`,`PropertyValue`) VALUES ('','{ComponentId}','NAME','Publish Date text' )]]></task>
	<task type="query"><![CDATA[INSERT INTO `#__rsform_properties` (`PropertyId`,`ComponentId`,`PropertyName`,`PropertyValue`) VALUES ('','{ComponentId}','TEXT','Publish Date' )]]></task>
	<task type="query"><![CDATA[INSERT INTO `#__rsform_components` (`ComponentId`,`FormId`,`ComponentTypeId`,`Order`,`Published`) VALUES ('','{FormId}','5','17','1' )]]></task>
<task type="eval" source="">$GLOBALS['q_ComponentId'] = $db->insertid();</task>
	<task type="query"><![CDATA[INSERT INTO `#__rsform_properties` (`PropertyId`,`ComponentId`,`PropertyName`,`PropertyValue`) VALUES ('','{ComponentId}','NAME','hours' )]]></task>
	<task type="query"><![CDATA[INSERT INTO `#__rsform_properties` (`PropertyId`,`ComponentId`,`PropertyName`,`PropertyValue`) VALUES ('','{ComponentId}','CAPTION','Hours' )]]></task>
	<task type="query"><![CDATA[INSERT INTO `#__rsform_properties` (`PropertyId`,`ComponentId`,`PropertyName`,`PropertyValue`) VALUES ('','{ComponentId}','ITEMS','24hrs\r\n48hrs\r\n1week' )]]></task>
	<task type="query"><![CDATA[INSERT INTO `#__rsform_properties` (`PropertyId`,`ComponentId`,`PropertyName`,`PropertyValue`) VALUES ('','{ComponentId}','FLOW','HORIZONTAL' )]]></task>
	<task type="query"><![CDATA[INSERT INTO `#__rsform_properties` (`PropertyId`,`ComponentId`,`PropertyName`,`PropertyValue`) VALUES ('','{ComponentId}','REQUIRED','NO' )]]></task>
	<task type="query"><![CDATA[INSERT INTO `#__rsform_properties` (`PropertyId`,`ComponentId`,`PropertyName`,`PropertyValue`) VALUES ('','{ComponentId}','ADDITIONALATTRIBUTES','' )]]></task>
	<task type="query"><![CDATA[INSERT INTO `#__rsform_properties` (`PropertyId`,`ComponentId`,`PropertyName`,`PropertyValue`) VALUES ('','{ComponentId}','DESCRIPTION','' )]]></task>
	<task type="query"><![CDATA[INSERT INTO `#__rsform_properties` (`PropertyId`,`ComponentId`,`PropertyName`,`PropertyValue`) VALUES ('','{ComponentId}','VALIDATIONMESSAGE','Invalid Input' )]]></task>
	<task type="query"><![CDATA[INSERT INTO `#__rsform_components` (`ComponentId`,`FormId`,`ComponentTypeId`,`Order`,`Published`) VALUES ('','{FormId}','1','19','1' )]]></task>
<task type="eval" source="">$GLOBALS['q_ComponentId'] = $db->insertid();</task>
	<task type="query"><![CDATA[INSERT INTO `#__rsform_properties` (`PropertyId`,`ComponentId`,`PropertyName`,`PropertyValue`) VALUES ('','{ComponentId}','NAME','max' )]]></task>
	<task type="query"><![CDATA[INSERT INTO `#__rsform_properties` (`PropertyId`,`ComponentId`,`PropertyName`,`PropertyValue`) VALUES ('','{ComponentId}','CAPTION','' )]]></task>
	<task type="query"><![CDATA[INSERT INTO `#__rsform_properties` (`PropertyId`,`ComponentId`,`PropertyName`,`PropertyValue`) VALUES ('','{ComponentId}','REQUIRED','NO' )]]></task>
	<task type="query"><![CDATA[INSERT INTO `#__rsform_properties` (`PropertyId`,`ComponentId`,`PropertyName`,`PropertyValue`) VALUES ('','{ComponentId}','SIZE','20' )]]></task>
	<task type="query"><![CDATA[INSERT INTO `#__rsform_properties` (`PropertyId`,`ComponentId`,`PropertyName`,`PropertyValue`) VALUES ('','{ComponentId}','MAXSIZE','' )]]></task>
	<task type="query"><![CDATA[INSERT INTO `#__rsform_properties` (`PropertyId`,`ComponentId`,`PropertyName`,`PropertyValue`) VALUES ('','{ComponentId}','VALIDATIONRULE','none' )]]></task>
	<task type="query"><![CDATA[INSERT INTO `#__rsform_properties` (`PropertyId`,`ComponentId`,`PropertyName`,`PropertyValue`) VALUES ('','{ComponentId}','VALIDATIONEXTRA','' )]]></task>
	<task type="query"><![CDATA[INSERT INTO `#__rsform_properties` (`PropertyId`,`ComponentId`,`PropertyName`,`PropertyValue`) VALUES ('','{ComponentId}','VALIDATIONMESSAGE','Invalid Input' )]]></task>
	<task type="query"><![CDATA[INSERT INTO `#__rsform_properties` (`PropertyId`,`ComponentId`,`PropertyName`,`PropertyValue`) VALUES ('','{ComponentId}','ADDITIONALATTRIBUTES','' )]]></task>
	<task type="query"><![CDATA[INSERT INTO `#__rsform_properties` (`PropertyId`,`ComponentId`,`PropertyName`,`PropertyValue`) VALUES ('','{ComponentId}','DEFAULTVALUE','' )]]></task>
	<task type="query"><![CDATA[INSERT INTO `#__rsform_properties` (`PropertyId`,`ComponentId`,`PropertyName`,`PropertyValue`) VALUES ('','{ComponentId}','DESCRIPTION','' )]]></task>
	<task type="query"><![CDATA[INSERT INTO `#__rsform_components` (`ComponentId`,`FormId`,`ComponentTypeId`,`Order`,`Published`) VALUES ('','{FormId}','10','18','1' )]]></task>
<task type="eval" source="">$GLOBALS['q_ComponentId'] = $db->insertid();</task>
	<task type="query"><![CDATA[INSERT INTO `#__rsform_properties` (`PropertyId`,`ComponentId`,`PropertyName`,`PropertyValue`) VALUES ('','{ComponentId}','NAME','MAX Text' )]]></task>
	<task type="query"><![CDATA[INSERT INTO `#__rsform_properties` (`PropertyId`,`ComponentId`,`PropertyName`,`PropertyValue`) VALUES ('','{ComponentId}','TEXT','Maximum Number Of Proposals Requested' )]]></task>
	<task type="query"><![CDATA[INSERT INTO `#__rsform_components` (`ComponentId`,`FormId`,`ComponentTypeId`,`Order`,`Published`) VALUES ('','{FormId}','10','20','1' )]]></task>
<task type="eval" source="">$GLOBALS['q_ComponentId'] = $db->insertid();</task>
	<task type="query"><![CDATA[INSERT INTO `#__rsform_properties` (`PropertyId`,`ComponentId`,`PropertyName`,`PropertyValue`) VALUES ('','{ComponentId}','NAME','ServiceText' )]]></task>
	<task type="query"><![CDATA[INSERT INTO `#__rsform_properties` (`PropertyId`,`ComponentId`,`PropertyName`,`PropertyValue`) VALUES ('','{ComponentId}','TEXT','Service(s) needed:' )]]></task>
	<task type="query"><![CDATA[INSERT INTO `#__rsform_components` (`ComponentId`,`FormId`,`ComponentTypeId`,`Order`,`Published`) VALUES ('','{FormId}','4','21','1' )]]></task>
<task type="eval" source="">$GLOBALS['q_ComponentId'] = $db->insertid();</task>
	<task type="query"><![CDATA[INSERT INTO `#__rsform_properties` (`PropertyId`,`ComponentId`,`PropertyName`,`PropertyValue`) VALUES ('','{ComponentId}','NAME','Service' )]]></task>
	<task type="query"><![CDATA[INSERT INTO `#__rsform_properties` (`PropertyId`,`ComponentId`,`PropertyName`,`PropertyValue`) VALUES ('','{ComponentId}','CAPTION','' )]]></task>
	<task type="query"><![CDATA[INSERT INTO `#__rsform_properties` (`PropertyId`,`ComponentId`,`PropertyName`,`PropertyValue`) VALUES ('','{ComponentId}','ITEMS','Mowing' )]]></task>
	<task type="query"><![CDATA[INSERT INTO `#__rsform_properties` (`PropertyId`,`ComponentId`,`PropertyName`,`PropertyValue`) VALUES ('','{ComponentId}','FLOW','HORIZONTAL' )]]></task>
	<task type="query"><![CDATA[INSERT INTO `#__rsform_properties` (`PropertyId`,`ComponentId`,`PropertyName`,`PropertyValue`) VALUES ('','{ComponentId}','REQUIRED','YES' )]]></task>
	<task type="query"><![CDATA[INSERT INTO `#__rsform_properties` (`PropertyId`,`ComponentId`,`PropertyName`,`PropertyValue`) VALUES ('','{ComponentId}','ADDITIONALATTRIBUTES','onclick=\"javascript: displayField(\'Service0\')\";' )]]></task>
	<task type="query"><![CDATA[INSERT INTO `#__rsform_properties` (`PropertyId`,`ComponentId`,`PropertyName`,`PropertyValue`) VALUES ('','{ComponentId}','DESCRIPTION','' )]]></task>
	<task type="query"><![CDATA[INSERT INTO `#__rsform_properties` (`PropertyId`,`ComponentId`,`PropertyName`,`PropertyValue`) VALUES ('','{ComponentId}','VALIDATIONMESSAGE','Check appropriate boxes' )]]></task>
	<task type="query"><![CDATA[INSERT INTO `#__rsform_components` (`ComponentId`,`FormId`,`ComponentTypeId`,`Order`,`Published`) VALUES ('','{FormId}','4','22','1' )]]></task>
<task type="eval" source="">$GLOBALS['q_ComponentId'] = $db->insertid();</task>
	<task type="query"><![CDATA[INSERT INTO `#__rsform_properties` (`PropertyId`,`ComponentId`,`PropertyName`,`PropertyValue`) VALUES ('','{ComponentId}','NAME','mowing' )]]></task>
	<task type="query"><![CDATA[INSERT INTO `#__rsform_properties` (`PropertyId`,`ComponentId`,`PropertyName`,`PropertyValue`) VALUES ('','{ComponentId}','CAPTION','' )]]></task>
	<task type="query"><![CDATA[INSERT INTO `#__rsform_properties` (`PropertyId`,`ComponentId`,`PropertyName`,`PropertyValue`) VALUES ('','{ComponentId}','ITEMS','Blowing<br/>\r\nRake/Remove leaf accumulation<br/>\r\nLitter Removal<br/>\r\nSpecial Instructions<br/>' )]]></task>
	<task type="query"><![CDATA[INSERT INTO `#__rsform_properties` (`PropertyId`,`ComponentId`,`PropertyName`,`PropertyValue`) VALUES ('','{ComponentId}','FLOW','HORIZONTAL' )]]></task>
	<task type="query"><![CDATA[INSERT INTO `#__rsform_properties` (`PropertyId`,`ComponentId`,`PropertyName`,`PropertyValue`) VALUES ('','{ComponentId}','REQUIRED','NO' )]]></task>
	<task type="query"><![CDATA[INSERT INTO `#__rsform_properties` (`PropertyId`,`ComponentId`,`PropertyName`,`PropertyValue`) VALUES ('','{ComponentId}','ADDITIONALATTRIBUTES','' )]]></task>
	<task type="query"><![CDATA[INSERT INTO `#__rsform_properties` (`PropertyId`,`ComponentId`,`PropertyName`,`PropertyValue`) VALUES ('','{ComponentId}','DESCRIPTION','' )]]></task>
	<task type="query"><![CDATA[INSERT INTO `#__rsform_properties` (`PropertyId`,`ComponentId`,`PropertyName`,`PropertyValue`) VALUES ('','{ComponentId}','VALIDATIONMESSAGE','Invalid Input' )]]></task>
	<task type="query"><![CDATA[INSERT INTO `#__rsform_components` (`ComponentId`,`FormId`,`ComponentTypeId`,`Order`,`Published`) VALUES ('','{FormId}','4','24','1' )]]></task>
<task type="eval" source="">$GLOBALS['q_ComponentId'] = $db->insertid();</task>
	<task type="query"><![CDATA[INSERT INTO `#__rsform_properties` (`PropertyId`,`ComponentId`,`PropertyName`,`PropertyValue`) VALUES ('','{ComponentId}','NAME','Weed control' )]]></task>
	<task type="query"><![CDATA[INSERT INTO `#__rsform_properties` (`PropertyId`,`ComponentId`,`PropertyName`,`PropertyValue`) VALUES ('','{ComponentId}','CAPTION','' )]]></task>
	<task type="query"><![CDATA[INSERT INTO `#__rsform_properties` (`PropertyId`,`ComponentId`,`PropertyName`,`PropertyValue`) VALUES ('','{ComponentId}','ITEMS','Pulling of weeds<br/>\r\nChemical<br/>\r\nSpecial Instructions' )]]></task>
	<task type="query"><![CDATA[INSERT INTO `#__rsform_properties` (`PropertyId`,`ComponentId`,`PropertyName`,`PropertyValue`) VALUES ('','{ComponentId}','FLOW','HORIZONTAL' )]]></task>
	<task type="query"><![CDATA[INSERT INTO `#__rsform_properties` (`PropertyId`,`ComponentId`,`PropertyName`,`PropertyValue`) VALUES ('','{ComponentId}','REQUIRED','NO' )]]></task>
	<task type="query"><![CDATA[INSERT INTO `#__rsform_properties` (`PropertyId`,`ComponentId`,`PropertyName`,`PropertyValue`) VALUES ('','{ComponentId}','ADDITIONALATTRIBUTES','' )]]></task>
	<task type="query"><![CDATA[INSERT INTO `#__rsform_properties` (`PropertyId`,`ComponentId`,`PropertyName`,`PropertyValue`) VALUES ('','{ComponentId}','DESCRIPTION','' )]]></task>
	<task type="query"><![CDATA[INSERT INTO `#__rsform_properties` (`PropertyId`,`ComponentId`,`PropertyName`,`PropertyValue`) VALUES ('','{ComponentId}','VALIDATIONMESSAGE','Invalid Input' )]]></task>
	<task type="query"><![CDATA[INSERT INTO `#__rsform_components` (`ComponentId`,`FormId`,`ComponentTypeId`,`Order`,`Published`) VALUES ('','{FormId}','4','26','1' )]]></task>
<task type="eval" source="">$GLOBALS['q_ComponentId'] = $db->insertid();</task>
	<task type="query"><![CDATA[INSERT INTO `#__rsform_properties` (`PropertyId`,`ComponentId`,`PropertyName`,`PropertyValue`) VALUES ('','{ComponentId}','NAME','Hard Edge Trimming' )]]></task>
	<task type="query"><![CDATA[INSERT INTO `#__rsform_properties` (`PropertyId`,`ComponentId`,`PropertyName`,`PropertyValue`) VALUES ('','{ComponentId}','CAPTION','' )]]></task>
	<task type="query"><![CDATA[INSERT INTO `#__rsform_properties` (`PropertyId`,`ComponentId`,`PropertyName`,`PropertyValue`) VALUES ('','{ComponentId}','ITEMS','Include with Mowing<br/>\r\nSpecial Instructions' )]]></task>
	<task type="query"><![CDATA[INSERT INTO `#__rsform_properties` (`PropertyId`,`ComponentId`,`PropertyName`,`PropertyValue`) VALUES ('','{ComponentId}','FLOW','HORIZONTAL' )]]></task>
	<task type="query"><![CDATA[INSERT INTO `#__rsform_properties` (`PropertyId`,`ComponentId`,`PropertyName`,`PropertyValue`) VALUES ('','{ComponentId}','REQUIRED','NO' )]]></task>
	<task type="query"><![CDATA[INSERT INTO `#__rsform_properties` (`PropertyId`,`ComponentId`,`PropertyName`,`PropertyValue`) VALUES ('','{ComponentId}','ADDITIONALATTRIBUTES','' )]]></task>
	<task type="query"><![CDATA[INSERT INTO `#__rsform_properties` (`PropertyId`,`ComponentId`,`PropertyName`,`PropertyValue`) VALUES ('','{ComponentId}','DESCRIPTION','' )]]></task>
	<task type="query"><![CDATA[INSERT INTO `#__rsform_properties` (`PropertyId`,`ComponentId`,`PropertyName`,`PropertyValue`) VALUES ('','{ComponentId}','VALIDATIONMESSAGE','Invalid Input' )]]></task>
	<task type="query"><![CDATA[INSERT INTO `#__rsform_components` (`ComponentId`,`FormId`,`ComponentTypeId`,`Order`,`Published`) VALUES ('','{FormId}','4','29','1' )]]></task>
<task type="eval" source="">$GLOBALS['q_ComponentId'] = $db->insertid();</task>
	<task type="query"><![CDATA[INSERT INTO `#__rsform_properties` (`PropertyId`,`ComponentId`,`PropertyName`,`PropertyValue`) VALUES ('','{ComponentId}','NAME','Hedge Trimming' )]]></task>
	<task type="query"><![CDATA[INSERT INTO `#__rsform_properties` (`PropertyId`,`ComponentId`,`PropertyName`,`PropertyValue`) VALUES ('','{ComponentId}','CAPTION','' )]]></task>
	<task type="query"><![CDATA[INSERT INTO `#__rsform_properties` (`PropertyId`,`ComponentId`,`PropertyName`,`PropertyValue`) VALUES ('','{ComponentId}','ITEMS','Include with Mowing\r\nSimultaneous (to avoid leftover debris on rainouts)\r\nAfter completion of Trimmin\r\nSpecial Instructions' )]]></task>
	<task type="query"><![CDATA[INSERT INTO `#__rsform_properties` (`PropertyId`,`ComponentId`,`PropertyName`,`PropertyValue`) VALUES ('','{ComponentId}','FLOW','HORIZONTAL' )]]></task>
	<task type="query"><![CDATA[INSERT INTO `#__rsform_properties` (`PropertyId`,`ComponentId`,`PropertyName`,`PropertyValue`) VALUES ('','{ComponentId}','REQUIRED','NO' )]]></task>
	<task type="query"><![CDATA[INSERT INTO `#__rsform_properties` (`PropertyId`,`ComponentId`,`PropertyName`,`PropertyValue`) VALUES ('','{ComponentId}','ADDITIONALATTRIBUTES','' )]]></task>
	<task type="query"><![CDATA[INSERT INTO `#__rsform_properties` (`PropertyId`,`ComponentId`,`PropertyName`,`PropertyValue`) VALUES ('','{ComponentId}','DESCRIPTION','' )]]></task>
	<task type="query"><![CDATA[INSERT INTO `#__rsform_properties` (`PropertyId`,`ComponentId`,`PropertyName`,`PropertyValue`) VALUES ('','{ComponentId}','VALIDATIONMESSAGE','Invalid Input' )]]></task>
	<task type="query"><![CDATA[INSERT INTO `#__rsform_components` (`ComponentId`,`FormId`,`ComponentTypeId`,`Order`,`Published`) VALUES ('','{FormId}','4','31','1' )]]></task>
<task type="eval" source="">$GLOBALS['q_ComponentId'] = $db->insertid();</task>
	<task type="query"><![CDATA[INSERT INTO `#__rsform_properties` (`PropertyId`,`ComponentId`,`PropertyName`,`PropertyValue`) VALUES ('','{ComponentId}','NAME','Tree Trimming' )]]></task>
	<task type="query"><![CDATA[INSERT INTO `#__rsform_properties` (`PropertyId`,`ComponentId`,`PropertyName`,`PropertyValue`) VALUES ('','{ComponentId}','CAPTION','' )]]></task>
	<task type="query"><![CDATA[INSERT INTO `#__rsform_properties` (`PropertyId`,`ComponentId`,`PropertyName`,`PropertyValue`) VALUES ('','{ComponentId}','ITEMS','Sucker removal\r\nOngoing\r\nCleanup type\r\nSpecial Instructions' )]]></task>
	<task type="query"><![CDATA[INSERT INTO `#__rsform_properties` (`PropertyId`,`ComponentId`,`PropertyName`,`PropertyValue`) VALUES ('','{ComponentId}','FLOW','HORIZONTAL' )]]></task>
	<task type="query"><![CDATA[INSERT INTO `#__rsform_properties` (`PropertyId`,`ComponentId`,`PropertyName`,`PropertyValue`) VALUES ('','{ComponentId}','REQUIRED','NO' )]]></task>
	<task type="query"><![CDATA[INSERT INTO `#__rsform_properties` (`PropertyId`,`ComponentId`,`PropertyName`,`PropertyValue`) VALUES ('','{ComponentId}','ADDITIONALATTRIBUTES','' )]]></task>
	<task type="query"><![CDATA[INSERT INTO `#__rsform_properties` (`PropertyId`,`ComponentId`,`PropertyName`,`PropertyValue`) VALUES ('','{ComponentId}','DESCRIPTION','' )]]></task>
	<task type="query"><![CDATA[INSERT INTO `#__rsform_properties` (`PropertyId`,`ComponentId`,`PropertyName`,`PropertyValue`) VALUES ('','{ComponentId}','VALIDATIONMESSAGE','Invalid Input' )]]></task>
	<task type="query"><![CDATA[INSERT INTO `#__rsform_components` (`ComponentId`,`FormId`,`ComponentTypeId`,`Order`,`Published`) VALUES ('','{FormId}','4','33','1' )]]></task>
<task type="eval" source="">$GLOBALS['q_ComponentId'] = $db->insertid();</task>
	<task type="query"><![CDATA[INSERT INTO `#__rsform_properties` (`PropertyId`,`ComponentId`,`PropertyName`,`PropertyValue`) VALUES ('','{ComponentId}','NAME','Mulching' )]]></task>
	<task type="query"><![CDATA[INSERT INTO `#__rsform_properties` (`PropertyId`,`ComponentId`,`PropertyName`,`PropertyValue`) VALUES ('','{ComponentId}','CAPTION','' )]]></task>
	<task type="query"><![CDATA[INSERT INTO `#__rsform_properties` (`PropertyId`,`ComponentId`,`PropertyName`,`PropertyValue`) VALUES ('','{ComponentId}','ITEMS','Thickness of Mulch (inches)' )]]></task>
	<task type="query"><![CDATA[INSERT INTO `#__rsform_properties` (`PropertyId`,`ComponentId`,`PropertyName`,`PropertyValue`) VALUES ('','{ComponentId}','FLOW','HORIZONTAL' )]]></task>
	<task type="query"><![CDATA[INSERT INTO `#__rsform_properties` (`PropertyId`,`ComponentId`,`PropertyName`,`PropertyValue`) VALUES ('','{ComponentId}','REQUIRED','NO' )]]></task>
	<task type="query"><![CDATA[INSERT INTO `#__rsform_properties` (`PropertyId`,`ComponentId`,`PropertyName`,`PropertyValue`) VALUES ('','{ComponentId}','ADDITIONALATTRIBUTES','' )]]></task>
	<task type="query"><![CDATA[INSERT INTO `#__rsform_properties` (`PropertyId`,`ComponentId`,`PropertyName`,`PropertyValue`) VALUES ('','{ComponentId}','DESCRIPTION','' )]]></task>
	<task type="query"><![CDATA[INSERT INTO `#__rsform_properties` (`PropertyId`,`ComponentId`,`PropertyName`,`PropertyValue`) VALUES ('','{ComponentId}','VALIDATIONMESSAGE','Invalid Input' )]]></task>
	<task type="query"><![CDATA[INSERT INTO `#__rsform_components` (`ComponentId`,`FormId`,`ComponentTypeId`,`Order`,`Published`) VALUES ('','{FormId}','4','35','1' )]]></task>
<task type="eval" source="">$GLOBALS['q_ComponentId'] = $db->insertid();</task>
	<task type="query"><![CDATA[INSERT INTO `#__rsform_properties` (`PropertyId`,`ComponentId`,`PropertyName`,`PropertyValue`) VALUES ('','{ComponentId}','NAME','Irrigation' )]]></task>
	<task type="query"><![CDATA[INSERT INTO `#__rsform_properties` (`PropertyId`,`ComponentId`,`PropertyName`,`PropertyValue`) VALUES ('','{ComponentId}','CAPTION','' )]]></task>
	<task type="query"><![CDATA[INSERT INTO `#__rsform_properties` (`PropertyId`,`ComponentId`,`PropertyName`,`PropertyValue`) VALUES ('','{ComponentId}','ITEMS','Monitoring<br/>\r\nSpecial Instructions' )]]></task>
	<task type="query"><![CDATA[INSERT INTO `#__rsform_properties` (`PropertyId`,`ComponentId`,`PropertyName`,`PropertyValue`) VALUES ('','{ComponentId}','FLOW','HORIZONTAL' )]]></task>
	<task type="query"><![CDATA[INSERT INTO `#__rsform_properties` (`PropertyId`,`ComponentId`,`PropertyName`,`PropertyValue`) VALUES ('','{ComponentId}','REQUIRED','NO' )]]></task>
	<task type="query"><![CDATA[INSERT INTO `#__rsform_properties` (`PropertyId`,`ComponentId`,`PropertyName`,`PropertyValue`) VALUES ('','{ComponentId}','ADDITIONALATTRIBUTES','' )]]></task>
	<task type="query"><![CDATA[INSERT INTO `#__rsform_properties` (`PropertyId`,`ComponentId`,`PropertyName`,`PropertyValue`) VALUES ('','{ComponentId}','DESCRIPTION','' )]]></task>
	<task type="query"><![CDATA[INSERT INTO `#__rsform_properties` (`PropertyId`,`ComponentId`,`PropertyName`,`PropertyValue`) VALUES ('','{ComponentId}','VALIDATIONMESSAGE','Invalid Input' )]]></task>
	<task type="query"><![CDATA[INSERT INTO `#__rsform_components` (`ComponentId`,`FormId`,`ComponentTypeId`,`Order`,`Published`) VALUES ('','{FormId}','5','37','1' )]]></task>
<task type="eval" source="">$GLOBALS['q_ComponentId'] = $db->insertid();</task>
	<task type="query"><![CDATA[INSERT INTO `#__rsform_properties` (`PropertyId`,`ComponentId`,`PropertyName`,`PropertyValue`) VALUES ('','{ComponentId}','NAME','service category' )]]></task>
	<task type="query"><![CDATA[INSERT INTO `#__rsform_properties` (`PropertyId`,`ComponentId`,`PropertyName`,`PropertyValue`) VALUES ('','{ComponentId}','CAPTION','' )]]></task>
	<task type="query"><![CDATA[INSERT INTO `#__rsform_properties` (`PropertyId`,`ComponentId`,`PropertyName`,`PropertyValue`) VALUES ('','{ComponentId}','ITEMS','Yes\r\nNo' )]]></task>
	<task type="query"><![CDATA[INSERT INTO `#__rsform_properties` (`PropertyId`,`ComponentId`,`PropertyName`,`PropertyValue`) VALUES ('','{ComponentId}','FLOW','HORIZONTAL' )]]></task>
	<task type="query"><![CDATA[INSERT INTO `#__rsform_properties` (`PropertyId`,`ComponentId`,`PropertyName`,`PropertyValue`) VALUES ('','{ComponentId}','REQUIRED','NO' )]]></task>
	<task type="query"><![CDATA[INSERT INTO `#__rsform_properties` (`PropertyId`,`ComponentId`,`PropertyName`,`PropertyValue`) VALUES ('','{ComponentId}','ADDITIONALATTRIBUTES','' )]]></task>
	<task type="query"><![CDATA[INSERT INTO `#__rsform_properties` (`PropertyId`,`ComponentId`,`PropertyName`,`PropertyValue`) VALUES ('','{ComponentId}','DESCRIPTION','' )]]></task>
	<task type="query"><![CDATA[INSERT INTO `#__rsform_properties` (`PropertyId`,`ComponentId`,`PropertyName`,`PropertyValue`) VALUES ('','{ComponentId}','VALIDATIONMESSAGE','Invalid Input' )]]></task>
	<task type="query"><![CDATA[INSERT INTO `#__rsform_components` (`ComponentId`,`FormId`,`ComponentTypeId`,`Order`,`Published`) VALUES ('','{FormId}','10','36','1' )]]></task>
<task type="eval" source="">$GLOBALS['q_ComponentId'] = $db->insertid();</task>
	<task type="query"><![CDATA[INSERT INTO `#__rsform_properties` (`PropertyId`,`ComponentId`,`PropertyName`,`PropertyValue`) VALUES ('','{ComponentId}','NAME','service category text' )]]></task>
	<task type="query"><![CDATA[INSERT INTO `#__rsform_properties` (`PropertyId`,`ComponentId`,`PropertyName`,`PropertyValue`) VALUES ('','{ComponentId}','TEXT','Require pricing to be broken out per service category?' )]]></task>
	<task type="query"><![CDATA[INSERT INTO `#__rsform_components` (`ComponentId`,`FormId`,`ComponentTypeId`,`Order`,`Published`) VALUES ('','{FormId}','10','38','1' )]]></task>
<task type="eval" source="">$GLOBALS['q_ComponentId'] = $db->insertid();</task>
	<task type="query"><![CDATA[INSERT INTO `#__rsform_properties` (`PropertyId`,`ComponentId`,`PropertyName`,`PropertyValue`) VALUES ('','{ComponentId}','NAME','Fertilization text' )]]></task>
	<task type="query"><![CDATA[INSERT INTO `#__rsform_properties` (`PropertyId`,`ComponentId`,`PropertyName`,`PropertyValue`) VALUES ('','{ComponentId}','TEXT','Vendor to provide details on type and quantity for each category' )]]></task>
	<task type="query"><![CDATA[INSERT INTO `#__rsform_components` (`ComponentId`,`FormId`,`ComponentTypeId`,`Order`,`Published`) VALUES ('','{FormId}','13','39','1' )]]></task>
<task type="eval" source="">$GLOBALS['q_ComponentId'] = $db->insertid();</task>
	<task type="query"><![CDATA[INSERT INTO `#__rsform_properties` (`PropertyId`,`ComponentId`,`PropertyName`,`PropertyValue`) VALUES ('','{ComponentId}','LABEL','' )]]></task>
	<task type="query"><![CDATA[INSERT INTO `#__rsform_properties` (`PropertyId`,`ComponentId`,`PropertyName`,`PropertyValue`) VALUES ('','{ComponentId}','NAME','submit' )]]></task>
	<task type="query"><![CDATA[INSERT INTO `#__rsform_properties` (`PropertyId`,`ComponentId`,`PropertyName`,`PropertyValue`) VALUES ('','{ComponentId}','CAPTION','' )]]></task>
	<task type="query"><![CDATA[INSERT INTO `#__rsform_properties` (`PropertyId`,`ComponentId`,`PropertyName`,`PropertyValue`) VALUES ('','{ComponentId}','RESET','NO' )]]></task>
	<task type="query"><![CDATA[INSERT INTO `#__rsform_properties` (`PropertyId`,`ComponentId`,`PropertyName`,`PropertyValue`) VALUES ('','{ComponentId}','RESETLABEL','Reset' )]]></task>
	<task type="query"><![CDATA[INSERT INTO `#__rsform_properties` (`PropertyId`,`ComponentId`,`PropertyName`,`PropertyValue`) VALUES ('','{ComponentId}','ADDITIONALATTRIBUTES','' )]]></task>
	<task type="query"><![CDATA[INSERT INTO `#__rsform_components` (`ComponentId`,`FormId`,`ComponentTypeId`,`Order`,`Published`) VALUES ('','{FormId}','13','40','0' )]]></task>
<task type="eval" source="">$GLOBALS['q_ComponentId'] = $db->insertid();</task>
	<task type="query"><![CDATA[INSERT INTO `#__rsform_properties` (`PropertyId`,`ComponentId`,`PropertyName`,`PropertyValue`) VALUES ('','{ComponentId}','NAME','Reset' )]]></task>
	<task type="query"><![CDATA[INSERT INTO `#__rsform_properties` (`PropertyId`,`ComponentId`,`PropertyName`,`PropertyValue`) VALUES ('','{ComponentId}','LABEL','Reset' )]]></task>
	<task type="query"><![CDATA[INSERT INTO `#__rsform_properties` (`PropertyId`,`ComponentId`,`PropertyName`,`PropertyValue`) VALUES ('','{ComponentId}','CAPTION','' )]]></task>
	<task type="query"><![CDATA[INSERT INTO `#__rsform_properties` (`PropertyId`,`ComponentId`,`PropertyName`,`PropertyValue`) VALUES ('','{ComponentId}','RESET','YES' )]]></task>
	<task type="query"><![CDATA[INSERT INTO `#__rsform_properties` (`PropertyId`,`ComponentId`,`PropertyName`,`PropertyValue`) VALUES ('','{ComponentId}','RESETLABEL','' )]]></task>
	<task type="query"><![CDATA[INSERT INTO `#__rsform_properties` (`PropertyId`,`ComponentId`,`PropertyName`,`PropertyValue`) VALUES ('','{ComponentId}','ADDITIONALATTRIBUTES','' )]]></task>
	<task type="query"><![CDATA[INSERT INTO `#__rsform_components` (`ComponentId`,`FormId`,`ComponentTypeId`,`Order`,`Published`) VALUES ('','{FormId}','4','23','1' )]]></task>
<task type="eval" source="">$GLOBALS['q_ComponentId'] = $db->insertid();</task>
	<task type="query"><![CDATA[INSERT INTO `#__rsform_properties` (`PropertyId`,`ComponentId`,`PropertyName`,`PropertyValue`) VALUES ('','{ComponentId}','NAME','Service1' )]]></task>
	<task type="query"><![CDATA[INSERT INTO `#__rsform_properties` (`PropertyId`,`ComponentId`,`PropertyName`,`PropertyValue`) VALUES ('','{ComponentId}','CAPTION','' )]]></task>
	<task type="query"><![CDATA[INSERT INTO `#__rsform_properties` (`PropertyId`,`ComponentId`,`PropertyName`,`PropertyValue`) VALUES ('','{ComponentId}','ITEMS','Weed control' )]]></task>
	<task type="query"><![CDATA[INSERT INTO `#__rsform_properties` (`PropertyId`,`ComponentId`,`PropertyName`,`PropertyValue`) VALUES ('','{ComponentId}','FLOW','HORIZONTAL' )]]></task>
	<task type="query"><![CDATA[INSERT INTO `#__rsform_properties` (`PropertyId`,`ComponentId`,`PropertyName`,`PropertyValue`) VALUES ('','{ComponentId}','REQUIRED','NO' )]]></task>
	<task type="query"><![CDATA[INSERT INTO `#__rsform_properties` (`PropertyId`,`ComponentId`,`PropertyName`,`PropertyValue`) VALUES ('','{ComponentId}','ADDITIONALATTRIBUTES','onclick=\"javascript:displayField(\'Service10\')\";' )]]></task>
	<task type="query"><![CDATA[INSERT INTO `#__rsform_properties` (`PropertyId`,`ComponentId`,`PropertyName`,`PropertyValue`) VALUES ('','{ComponentId}','DESCRIPTION','' )]]></task>
	<task type="query"><![CDATA[INSERT INTO `#__rsform_properties` (`PropertyId`,`ComponentId`,`PropertyName`,`PropertyValue`) VALUES ('','{ComponentId}','VALIDATIONMESSAGE','Invalid Input' )]]></task>
	<task type="query"><![CDATA[INSERT INTO `#__rsform_components` (`ComponentId`,`FormId`,`ComponentTypeId`,`Order`,`Published`) VALUES ('','{FormId}','4','25','1' )]]></task>
<task type="eval" source="">$GLOBALS['q_ComponentId'] = $db->insertid();</task>
	<task type="query"><![CDATA[INSERT INTO `#__rsform_properties` (`PropertyId`,`ComponentId`,`PropertyName`,`PropertyValue`) VALUES ('','{ComponentId}','NAME','Service2' )]]></task>
	<task type="query"><![CDATA[INSERT INTO `#__rsform_properties` (`PropertyId`,`ComponentId`,`PropertyName`,`PropertyValue`) VALUES ('','{ComponentId}','CAPTION','' )]]></task>
	<task type="query"><![CDATA[INSERT INTO `#__rsform_properties` (`PropertyId`,`ComponentId`,`PropertyName`,`PropertyValue`) VALUES ('','{ComponentId}','ITEMS','Hard Edge Trimming' )]]></task>
	<task type="query"><![CDATA[INSERT INTO `#__rsform_properties` (`PropertyId`,`ComponentId`,`PropertyName`,`PropertyValue`) VALUES ('','{ComponentId}','FLOW','HORIZONTAL' )]]></task>
	<task type="query"><![CDATA[INSERT INTO `#__rsform_properties` (`PropertyId`,`ComponentId`,`PropertyName`,`PropertyValue`) VALUES ('','{ComponentId}','REQUIRED','NO' )]]></task>
	<task type="query"><![CDATA[INSERT INTO `#__rsform_properties` (`PropertyId`,`ComponentId`,`PropertyName`,`PropertyValue`) VALUES ('','{ComponentId}','ADDITIONALATTRIBUTES','onclick=\"javascript:displayField(\'Service20\')\";' )]]></task>
	<task type="query"><![CDATA[INSERT INTO `#__rsform_properties` (`PropertyId`,`ComponentId`,`PropertyName`,`PropertyValue`) VALUES ('','{ComponentId}','DESCRIPTION','' )]]></task>
	<task type="query"><![CDATA[INSERT INTO `#__rsform_properties` (`PropertyId`,`ComponentId`,`PropertyName`,`PropertyValue`) VALUES ('','{ComponentId}','VALIDATIONMESSAGE','Invalid Input' )]]></task>
	<task type="query"><![CDATA[INSERT INTO `#__rsform_components` (`ComponentId`,`FormId`,`ComponentTypeId`,`Order`,`Published`) VALUES ('','{FormId}','4','27','1' )]]></task>
<task type="eval" source="">$GLOBALS['q_ComponentId'] = $db->insertid();</task>
	<task type="query"><![CDATA[INSERT INTO `#__rsform_properties` (`PropertyId`,`ComponentId`,`PropertyName`,`PropertyValue`) VALUES ('','{ComponentId}','NAME','Service3' )]]></task>
	<task type="query"><![CDATA[INSERT INTO `#__rsform_properties` (`PropertyId`,`ComponentId`,`PropertyName`,`PropertyValue`) VALUES ('','{ComponentId}','CAPTION','' )]]></task>
	<task type="query"><![CDATA[INSERT INTO `#__rsform_properties` (`PropertyId`,`ComponentId`,`PropertyName`,`PropertyValue`) VALUES ('','{ComponentId}','ITEMS','Fertilization' )]]></task>
	<task type="query"><![CDATA[INSERT INTO `#__rsform_properties` (`PropertyId`,`ComponentId`,`PropertyName`,`PropertyValue`) VALUES ('','{ComponentId}','FLOW','HORIZONTAL' )]]></task>
	<task type="query"><![CDATA[INSERT INTO `#__rsform_properties` (`PropertyId`,`ComponentId`,`PropertyName`,`PropertyValue`) VALUES ('','{ComponentId}','REQUIRED','NO' )]]></task>
	<task type="query"><![CDATA[INSERT INTO `#__rsform_properties` (`PropertyId`,`ComponentId`,`PropertyName`,`PropertyValue`) VALUES ('','{ComponentId}','ADDITIONALATTRIBUTES','' )]]></task>
	<task type="query"><![CDATA[INSERT INTO `#__rsform_properties` (`PropertyId`,`ComponentId`,`PropertyName`,`PropertyValue`) VALUES ('','{ComponentId}','DESCRIPTION','' )]]></task>
	<task type="query"><![CDATA[INSERT INTO `#__rsform_properties` (`PropertyId`,`ComponentId`,`PropertyName`,`PropertyValue`) VALUES ('','{ComponentId}','VALIDATIONMESSAGE','Invalid Input' )]]></task>
	<task type="query"><![CDATA[INSERT INTO `#__rsform_components` (`ComponentId`,`FormId`,`ComponentTypeId`,`Order`,`Published`) VALUES ('','{FormId}','4','28','1' )]]></task>
<task type="eval" source="">$GLOBALS['q_ComponentId'] = $db->insertid();</task>
	<task type="query"><![CDATA[INSERT INTO `#__rsform_properties` (`PropertyId`,`ComponentId`,`PropertyName`,`PropertyValue`) VALUES ('','{ComponentId}','NAME','Service4' )]]></task>
	<task type="query"><![CDATA[INSERT INTO `#__rsform_properties` (`PropertyId`,`ComponentId`,`PropertyName`,`PropertyValue`) VALUES ('','{ComponentId}','CAPTION','' )]]></task>
	<task type="query"><![CDATA[INSERT INTO `#__rsform_properties` (`PropertyId`,`ComponentId`,`PropertyName`,`PropertyValue`) VALUES ('','{ComponentId}','ITEMS','Hedge Trimming' )]]></task>
	<task type="query"><![CDATA[INSERT INTO `#__rsform_properties` (`PropertyId`,`ComponentId`,`PropertyName`,`PropertyValue`) VALUES ('','{ComponentId}','FLOW','HORIZONTAL' )]]></task>
	<task type="query"><![CDATA[INSERT INTO `#__rsform_properties` (`PropertyId`,`ComponentId`,`PropertyName`,`PropertyValue`) VALUES ('','{ComponentId}','REQUIRED','NO' )]]></task>
	<task type="query"><![CDATA[INSERT INTO `#__rsform_properties` (`PropertyId`,`ComponentId`,`PropertyName`,`PropertyValue`) VALUES ('','{ComponentId}','ADDITIONALATTRIBUTES','onclick=\"javascript:displayField(\'Service40\')\";' )]]></task>
	<task type="query"><![CDATA[INSERT INTO `#__rsform_properties` (`PropertyId`,`ComponentId`,`PropertyName`,`PropertyValue`) VALUES ('','{ComponentId}','DESCRIPTION','' )]]></task>
	<task type="query"><![CDATA[INSERT INTO `#__rsform_properties` (`PropertyId`,`ComponentId`,`PropertyName`,`PropertyValue`) VALUES ('','{ComponentId}','VALIDATIONMESSAGE','Invalid Input' )]]></task>
	<task type="query"><![CDATA[INSERT INTO `#__rsform_components` (`ComponentId`,`FormId`,`ComponentTypeId`,`Order`,`Published`) VALUES ('','{FormId}','4','30','1' )]]></task>
<task type="eval" source="">$GLOBALS['q_ComponentId'] = $db->insertid();</task>
	<task type="query"><![CDATA[INSERT INTO `#__rsform_properties` (`PropertyId`,`ComponentId`,`PropertyName`,`PropertyValue`) VALUES ('','{ComponentId}','NAME','Service5' )]]></task>
	<task type="query"><![CDATA[INSERT INTO `#__rsform_properties` (`PropertyId`,`ComponentId`,`PropertyName`,`PropertyValue`) VALUES ('','{ComponentId}','CAPTION','' )]]></task>
	<task type="query"><![CDATA[INSERT INTO `#__rsform_properties` (`PropertyId`,`ComponentId`,`PropertyName`,`PropertyValue`) VALUES ('','{ComponentId}','ITEMS','Tree Trimming' )]]></task>
	<task type="query"><![CDATA[INSERT INTO `#__rsform_properties` (`PropertyId`,`ComponentId`,`PropertyName`,`PropertyValue`) VALUES ('','{ComponentId}','FLOW','HORIZONTAL' )]]></task>
	<task type="query"><![CDATA[INSERT INTO `#__rsform_properties` (`PropertyId`,`ComponentId`,`PropertyName`,`PropertyValue`) VALUES ('','{ComponentId}','REQUIRED','NO' )]]></task>
	<task type="query"><![CDATA[INSERT INTO `#__rsform_properties` (`PropertyId`,`ComponentId`,`PropertyName`,`PropertyValue`) VALUES ('','{ComponentId}','ADDITIONALATTRIBUTES','onclick=\"javascript:displayField(\'Service50\')\";' )]]></task>
	<task type="query"><![CDATA[INSERT INTO `#__rsform_properties` (`PropertyId`,`ComponentId`,`PropertyName`,`PropertyValue`) VALUES ('','{ComponentId}','DESCRIPTION','' )]]></task>
	<task type="query"><![CDATA[INSERT INTO `#__rsform_properties` (`PropertyId`,`ComponentId`,`PropertyName`,`PropertyValue`) VALUES ('','{ComponentId}','VALIDATIONMESSAGE','Invalid Input' )]]></task>
	<task type="query"><![CDATA[INSERT INTO `#__rsform_components` (`ComponentId`,`FormId`,`ComponentTypeId`,`Order`,`Published`) VALUES ('','{FormId}','4','32','1' )]]></task>
<task type="eval" source="">$GLOBALS['q_ComponentId'] = $db->insertid();</task>
	<task type="query"><![CDATA[INSERT INTO `#__rsform_properties` (`PropertyId`,`ComponentId`,`PropertyName`,`PropertyValue`) VALUES ('','{ComponentId}','NAME','Service6' )]]></task>
	<task type="query"><![CDATA[INSERT INTO `#__rsform_properties` (`PropertyId`,`ComponentId`,`PropertyName`,`PropertyValue`) VALUES ('','{ComponentId}','CAPTION','' )]]></task>
	<task type="query"><![CDATA[INSERT INTO `#__rsform_properties` (`PropertyId`,`ComponentId`,`PropertyName`,`PropertyValue`) VALUES ('','{ComponentId}','ITEMS','Mulching' )]]></task>
	<task type="query"><![CDATA[INSERT INTO `#__rsform_properties` (`PropertyId`,`ComponentId`,`PropertyName`,`PropertyValue`) VALUES ('','{ComponentId}','FLOW','HORIZONTAL' )]]></task>
	<task type="query"><![CDATA[INSERT INTO `#__rsform_properties` (`PropertyId`,`ComponentId`,`PropertyName`,`PropertyValue`) VALUES ('','{ComponentId}','REQUIRED','NO' )]]></task>
	<task type="query"><![CDATA[INSERT INTO `#__rsform_properties` (`PropertyId`,`ComponentId`,`PropertyName`,`PropertyValue`) VALUES ('','{ComponentId}','ADDITIONALATTRIBUTES','onclick=\"javascript:displayField(\'Service60\')\"' )]]></task>
	<task type="query"><![CDATA[INSERT INTO `#__rsform_properties` (`PropertyId`,`ComponentId`,`PropertyName`,`PropertyValue`) VALUES ('','{ComponentId}','DESCRIPTION','' )]]></task>
	<task type="query"><![CDATA[INSERT INTO `#__rsform_properties` (`PropertyId`,`ComponentId`,`PropertyName`,`PropertyValue`) VALUES ('','{ComponentId}','VALIDATIONMESSAGE','Invalid Input' )]]></task>
	<task type="query"><![CDATA[INSERT INTO `#__rsform_components` (`ComponentId`,`FormId`,`ComponentTypeId`,`Order`,`Published`) VALUES ('','{FormId}','4','34','1' )]]></task>
<task type="eval" source="">$GLOBALS['q_ComponentId'] = $db->insertid();</task>
	<task type="query"><![CDATA[INSERT INTO `#__rsform_properties` (`PropertyId`,`ComponentId`,`PropertyName`,`PropertyValue`) VALUES ('','{ComponentId}','NAME','Service7' )]]></task>
	<task type="query"><![CDATA[INSERT INTO `#__rsform_properties` (`PropertyId`,`ComponentId`,`PropertyName`,`PropertyValue`) VALUES ('','{ComponentId}','CAPTION','' )]]></task>
	<task type="query"><![CDATA[INSERT INTO `#__rsform_properties` (`PropertyId`,`ComponentId`,`PropertyName`,`PropertyValue`) VALUES ('','{ComponentId}','ITEMS','Irrigation' )]]></task>
	<task type="query"><![CDATA[INSERT INTO `#__rsform_properties` (`PropertyId`,`ComponentId`,`PropertyName`,`PropertyValue`) VALUES ('','{ComponentId}','FLOW','HORIZONTAL' )]]></task>
	<task type="query"><![CDATA[INSERT INTO `#__rsform_properties` (`PropertyId`,`ComponentId`,`PropertyName`,`PropertyValue`) VALUES ('','{ComponentId}','REQUIRED','NO' )]]></task>
	<task type="query"><![CDATA[INSERT INTO `#__rsform_properties` (`PropertyId`,`ComponentId`,`PropertyName`,`PropertyValue`) VALUES ('','{ComponentId}','ADDITIONALATTRIBUTES','onclick=\"javascript:displayField(\'Service70\')\";' )]]></task>
	<task type="query"><![CDATA[INSERT INTO `#__rsform_properties` (`PropertyId`,`ComponentId`,`PropertyName`,`PropertyValue`) VALUES ('','{ComponentId}','DESCRIPTION','' )]]></task>
	<task type="query"><![CDATA[INSERT INTO `#__rsform_properties` (`PropertyId`,`ComponentId`,`PropertyName`,`PropertyValue`) VALUES ('','{ComponentId}','VALIDATIONMESSAGE','Invalid Input' )]]></task>
	<task type="query"><![CDATA[INSERT INTO `#__rsform_components` (`ComponentId`,`FormId`,`ComponentTypeId`,`Order`,`Published`) VALUES ('','{FormId}','10','7','1' )]]></task>
<task type="eval" source="">$GLOBALS['q_ComponentId'] = $db->insertid();</task>
	<task type="query"><![CDATA[INSERT INTO `#__rsform_properties` (`PropertyId`,`ComponentId`,`PropertyName`,`PropertyValue`) VALUES ('','{ComponentId}','NAME','Startdatetext' )]]></task>
	<task type="query"><![CDATA[INSERT INTO `#__rsform_properties` (`PropertyId`,`ComponentId`,`PropertyName`,`PropertyValue`) VALUES ('','{ComponentId}','TEXT','Startdate' )]]></task>
	<task type="query"><![CDATA[INSERT INTO `#__rsform_components` (`ComponentId`,`FormId`,`ComponentTypeId`,`Order`,`Published`) VALUES ('','{FormId}','10','9','1' )]]></task>
<task type="eval" source="">$GLOBALS['q_ComponentId'] = $db->insertid();</task>
	<task type="query"><![CDATA[INSERT INTO `#__rsform_properties` (`PropertyId`,`ComponentId`,`PropertyName`,`PropertyValue`) VALUES ('','{ComponentId}','NAME','Enddatetext' )]]></task>
	<task type="query"><![CDATA[INSERT INTO `#__rsform_properties` (`PropertyId`,`ComponentId`,`PropertyName`,`PropertyValue`) VALUES ('','{ComponentId}','TEXT','Enddatetext' )]]></task>
	<task type="query"><![CDATA[INSERT INTO `#__rsform_components` (`ComponentId`,`FormId`,`ComponentTypeId`,`Order`,`Published`) VALUES ('','{FormId}','5','41','1' )]]></task>
<task type="eval" source="">$GLOBALS['q_ComponentId'] = $db->insertid();</task>
	<task type="query"><![CDATA[INSERT INTO `#__rsform_properties` (`PropertyId`,`ComponentId`,`PropertyName`,`PropertyValue`) VALUES ('','{ComponentId}','NAME','Fertilizationcategory' )]]></task>
	<task type="query"><![CDATA[INSERT INTO `#__rsform_properties` (`PropertyId`,`ComponentId`,`PropertyName`,`PropertyValue`) VALUES ('','{ComponentId}','CAPTION','Fertilization category' )]]></task>
	<task type="query"><![CDATA[INSERT INTO `#__rsform_properties` (`PropertyId`,`ComponentId`,`PropertyName`,`PropertyValue`) VALUES ('','{ComponentId}','ITEMS','Yes\r\nNo' )]]></task>
	<task type="query"><![CDATA[INSERT INTO `#__rsform_properties` (`PropertyId`,`ComponentId`,`PropertyName`,`PropertyValue`) VALUES ('','{ComponentId}','FLOW','HORIZONTAL' )]]></task>
	<task type="query"><![CDATA[INSERT INTO `#__rsform_properties` (`PropertyId`,`ComponentId`,`PropertyName`,`PropertyValue`) VALUES ('','{ComponentId}','REQUIRED','NO' )]]></task>
	<task type="query"><![CDATA[INSERT INTO `#__rsform_properties` (`PropertyId`,`ComponentId`,`PropertyName`,`PropertyValue`) VALUES ('','{ComponentId}','ADDITIONALATTRIBUTES','' )]]></task>
	<task type="query"><![CDATA[INSERT INTO `#__rsform_properties` (`PropertyId`,`ComponentId`,`PropertyName`,`PropertyValue`) VALUES ('','{ComponentId}','DESCRIPTION','' )]]></task>
	<task type="query"><![CDATA[INSERT INTO `#__rsform_properties` (`PropertyId`,`ComponentId`,`PropertyName`,`PropertyValue`) VALUES ('','{ComponentId}','VALIDATIONMESSAGE','Invalid Input' )]]></task>
</tasks>
</RSinstall>